Артикул (Part No.),Наименование (RU),Description (EN),Description (ZH),"Цена, CNY без НДС",Группа,Взаимозаменяемый артикул,Источник,Разделы
00102614,,"CUP POINT A. @A"" BC 13.75?1D NOTE: A. FOR STANDARD GEAR REDUCTION.",,,,,TR100A,160-0040
00102634,,NUT,螺母,,,,TR100A,190-0070 190-0100 250-0020
00102635,,NUT,螺母,,,,TR100A,110-0140 120-0010 200-0040 220-0010 230-0020 230-0070
00102637,,NUT,螺母,,,,TR100A,100-0040 100-0140
00102639,,NUT,,,,,TR100A,230-0070
00103028,,NUT,,,,,TR100A,120-0290 220-0060
00103319,,SPRING WASHER,弹垫,,,,TR100A,120-0070 120-0190 120-0290 190-0070 230-0021 250-0020 260-0140 300-0030
00103320,,LOCKWASHER,锁紧垫圈,,,,TR100A,110-0130 120-0190 190-0070 190-0100 250-0020 260-0190
00103321,,LOCKWASHER,,,,,TR100A,120-0210 120-0220 120-0270 120-0290 250-0060
00103322,,LOCKWASHER,,,,,TR100A,120-0210
00103323,,WASHER,,,,,TR100A,120-0200 120-0210 120-0290
00103325,,LOCKWASHER,,,,,TR100A,120-0290 120-0340
00103328,,LOCKWAHSER,锁紧垫圈,,,,TR100A,110-0130 120-0090 210-0052 230-0020 230-0060
00103329,,LOCKWASHER,垫圈,,,,TR100A,100-0140 110-0030 120-0010 120-0110 120-0260 140-0040 160-0030 160-0050 180-0050 200-0010 210-0040 210-0050 210-0052 210-0061 220-0010 220-0060 220-0120 220-0190 220-0230 230-0020 230-0041 230-0130 270-0020
00103331,,LOCKWASHER,,,,,TR100A,120-0010 120-0110 230-0070
00103332,,LOCKWASHER,锁紧垫圈,,,,TR100A,210-0020
00103338,,WASHER,垫圈,,,,TR100A,270-0010
00103339,,WASHER,平垫,,,,TR100A,120-0070 120-0240 190-0070 230-0021 250-0020 300-0030
00103340,,WASHER,垫圈,,,,TR100A,190-0070 250-0020 260-0190
00103426,,PIN COTTER,开口销,,,,TR100A,220-0190
00103453,,LOCKWASHER,垫片,,,,TR100A,230-0020
00103498,,PIN,销子,,,,TR100A,120-0190
00105410,,PLUG,,,,,TR100A,110-0060
00105422,,ELBOW,,,,,TR100A,110-0060
00106263,,WARSH,平垫圈,,,,TR100A,190-0070 210-0020 210-0050 210-0061 220-0010 220-0060 220-0230 230-0070 250-0020 270-0010 270-0020 300-0030
00106264,,WASHER,,,,,TR100A,110-0060
00106265,,WASHER,垫片,,,,TR100A,110-0030 210-0050 210-0061 270-0020
00106270,,WASHER,ෛസ,,,,TR100A,200-0010
00106497,,LOCKWASHER,锁紧垫圈,,,,TR100A,120-0190 190-0070
00106671,,FITTING RELEASE,泄油咀,,,,TR100A,180-0030
00107393,,PIN,,,,,TR100A,120-0210 120-0260
00108580,,LOCKWAHSER,弹簧垫圈,,,,TR100A,110-0130 110-0140 120-0010 190-0030 190-0070 190-0100 190-0320 200-0010 200-0040 210-0050 210-0052 210-0061 220-0010 220-0190 220-0230 230-0020 230-0040 230-0070 250-0020 270-0020 300-0030 300-0050
00109084,,NUT,螺母,,,,TR100A,120-0190 230-0021 250-0020 260-0140 300-0030
00110501,,SCREW,螺钉,,,,TR100A,120-0190 270-0010
00110633,,NUT,螺母,,,,TR100A,120-0190
00114699,,SCREW,,,,,TR100A,250-0060
00115549,,LOCKWASHER,,,,,TR100A,120-0330
00115551,,GHD! LOCKWASHER,,,,,TR100A,120-0280 120-0320
00116436,,IJ CONNECTOR,,,,,TR100A,160-0030
00117966,,EYE PROTECTORS,护眼圈,,,,TR100A,110-0140 190-0320
00120063,,90°DEF ELBOW,,,,,TR100A,110-0130
00120350,,LOCKWASHER,,,,,TR100A,160-0030
00120371,,NUT A ABCDEFGHIJ NOTE: A PLEASE CONTACT YOUR TRANSMISSION MANUFACTURER FOR ADVICE.,,,,,TR100A,120-0200
00120378,,NUT,螺母,,,,TR100A,230-0020 270-0020
00121222,,PIN-COTTER,开口销,,,,TR100A,120-0190
00121538,,GASKET,,,,,TR100A,120-0270
00128003,,ADAPTER,接头,,,,TR100A,110-0140 200-0040 230-0041
00137185,,PIN-COTTER,开口销,,,,TR100A,120-0190
00137393,,BEARING,,,,,TR100A,160-0020
00137971,,ELBOW,,,,,TR100A,120-0010
00138252,,BOLT,螺栓,,,,TR100A,250-0020
00139191,,SCREW,,,,,TR100A,160-0020
00139230,,SCREW,,,,,TR100A,160-0020 160-0040
00141199,,PIN-DOWEL,,,,,TR100A,120-0220
00141264,,PIN-DOWEL,,,,,TR100A,120-0210
00141621,,ELBOW,弯头,,,,TR100A,230-0041
00144033,,BUSHIING,,,,,TR100A,160-0030
00144034,,ADAPTOR,接头,,,,TR100A,230-0041 260-0140
00145372,,SCREW-DRIVE,,,,,TR100A,120-0340
00145378,,SCREW,螺钉,,,,TR100A,270-0010 290-0010
00148415,,BEARING,,,,,TR100A,120-0220
00169162,,BALL STEEL,钢球,,,,TR100A,180-0030 180-0050
00179097,,PIN COTTER,开口销,,,,TR100A,220-0190
00179791,,BOLT,螺栓,,,,TR100A,230-0020 250-0020
00179793,,BOLT,螺栓,,,,TR100A,190-0070 300-0030
00179795,,BOLT,螺栓,,,,TR100A,260-0140
00179797,,BOLT,螺栓,,,,TR100A,120-0070 230-0021
00179801,,BOLT,螺栓,,,,TR100A,120-0190 250-0020
00179808,,BOLT,螺栓,,,,TR100A,250-0020
00179814,,BOLT,,,,,TR100A,165-0030
00179816,,BOLT,螺栓,,,,TR100A,120-0190 220-0010 260-0140
00179818,,BOLT,螺栓,,,,TR100A,250-0020
00179820,,BOLT,螺栓,,,,TR100A,190-0070
00179826,,BOLT,,,,,TR100A,110-0130
00179827,,BOLT,螺栓,,,,TR100A,190-0070
00179833,,BOLT,㷰ṉ,,,,TR100A,200-0010
00179835,,BOLT,螺栓,,,,TR100A,190-0070 220-0010
00179837,,BOLT,螺栓,,,,TR100A,110-0130 110-0140 120-0290 180-0050 190-0030 190-0320 200-0040 220-0010 220-0230 250-0020 300-0030 300-0050
00179838,,BOLT,螺栓,,,,TR100A,120-0010 120-0210 120-0290 210-0040 210-0061 300-0050
00179839,,SCREW,螺栓,,,,TR100A,120-0270 190-0070 190-0100 210-0020 210-0050 210-0052 220-0010 220-0190 230-0020 230-0040 260-0190
00179841,,BOLT,螺栓,,,,TR100A,110-0140 120-0110 190-0070 200-0040 210-0020 210-0052 210-0061 220-0010 230-0020
00179843,,BOLT,螺栓,,,,TR100A,210-0020 210-0050 220-0230 270-0010
00179845,,BOLT,,,,,TR100A,230-0070
00179847,,BOLT,螺栓,,,,TR100A,270-0010
00179848,,BOLT,,,,,TR100A,120-0220
00179849,,BOLT,六角头螺栓,,,,TR100A,220-0010
00179851,,BOLT,螺栓,,,,TR100A,250-0020
00179857,,BOLT,,,,,TR100A,120-0210
00179860,,BOLT,螺栓,,,,TR100A,110-0060 110-0130 120-0090 120-0210 230-0020
00179872,,BOLT,,,,,TR100A,230-0060
00179873,,BOLT,螺栓,,,,TR100A,230-0020
00179880,,BOLT,䀈ཪ㷰ṉ,,,,TR100A,160-0050 210-0052 220-0230 230-0041
00179881,,BOLT,螺栓,,,,TR100A,100-0040 210-0040 210-0070 220-0060 220-0190
00179883,,BOLT,螺栓,,,,TR100A,100-0070 110-0060 120-0110 120-0260 180-0050 200-0010 210-0052 220-0060 220-0120 230-0020 230-0130 250-0020
00179885,,BOLT,螺栓,,,,TR100A,100-0040 100-0070 100-0090 100-0140 210-0040 210-0061 220-0010 220-0060 230-0020 260-0145
00179887,,BOLT,螺栓,,,,TR100A,100-0040 100-0070 100-0090 100-0140 120-0290 190-0100 210-0050 210-0052 230-0020 270-0020
00179889,,BOLT,螺栓,,,,TR100A,100-0040 100-0070 100-0090 120-0010 220-0010
00179890,,SCREW,六角头螺栓,,,,TR100A,190-0080 230-0041
00179891,,BOLT,,,,,TR100A,120-0260
00179893,,BOLT,䀈ཪ㷰ṉ,,,,TR100A,120-0290 210-0052
00179894,,BOLT SPEED SENSOR GHIJ',,,,,TR100A,120-0290
00179896,,BOLT,螺栓,,,,TR100A,120-0210 230-0020
00181360,,HEX BOLT,,,,,TR100A,120-0330
00181433,,BOLT,,,,,TR100A,120-0200
00181440,,BOLT,,,,,TR100A,120-0200
00186270,,BOLT,螺栓,,,,TR100A,250-0020
00186284,,BOLT,螺栓,,,,TR100A,190-0070
00186285,,BOLT,六角头螺栓,,,,TR100A,120-0270 220-0010
00186288,,BOLT,,,,,TR100A,230-0070
00186609,,BOLT,螺栓,,,,TR100A,270-0020 300-0030
00186628,,BOLT,螺栓,,,,TR100A,210-0061
00186630,,BOLT,,,,,TR100A,120-0290
00186646,,BOLT,螺栓,,,,TR100A,210-0061
00186725,,BOLT,螺栓,,,,TR100A,210-0061 270-0020
00187238,,BOLT,螺栓,,,,TR100A,210-0061
00187394,,JOINT,接头,,,,TR100A,110-0030
00187396,,GHC COUPLING,,,,,TR100A,110-0130
00187433,,BOLT,䀈ཪ㷰ṉ,,,,TR100A,210-0052
00189633,,ADAPTER,接头,,,,TR100A,200-0040
00190909,,BOLT,,,,,TR100A,110-0130
00219303,,"""C PLUG",,,,,TR100A,160-0030
00219305,,.PLUG-PIPE,.管塞,,,,TR100A,120-0090
00223435,,BOLT,,,,,TR100A,120-0340
00223436,,BOLT,螺栓,,,,TR100A,270-0010
00223437,,BOLT,,,,,TR100A,165-0030
00223438,,BOLT,螺栓,,,,TR100A,230-0041
00223441,,BOLT,,,,,TR100A,160-0020
00223445,,BOLT,,,,,TR100A,120-0010
00223451,,BOLT,螺栓,,,,TR100A,100-0090
00223453,,BOLT,㷰ṉ,,,,TR100A,100-0010 160-0020 220-0080
00223457,,BOLT,螺栓,,,,TR100A,180-0030
00223458,,BOLT,螺栓,,,,TR100A,110-0030
00223488,,BOLT,,,,,TR100A,160-0030
00223489,,BOLT,螺栓,,,,TR100A,220-0190
00223493,,BOLT,,,,,TR100A,165-0030
00223495,,BOLT,螺栓,,,,TR100A,100-0070
00223775,,BOLT,,,,,TR100A,160-0020
00271500,,NUT,,,,,TR100A,110-0060
00271556,,BOLT,,,,,TR100A,120-0110
00271558,,BOLT,螺栓,,,,TR100A,270-0010
00271562,,BOLT,,,,,TR100A,230-0070
00271563,,BOLT,螺栓,,,,TR100A,220-0190
00271564,,BOLT,,,,,TR100A,120-0290
00271565,,BOLT,六角头螺栓,,,,TR100A,220-0010 220-0120
00271566,,BOLT,,,,,TR100A,230-0070
00271567,,BOLT,,,,,TR100A,160-0020
00271568,,BOLT,螺栓,,,,TR100A,100-0070
00271572,,BOLT,螺栓,,,,TR100A,210-0050
00271605,,BOLT,螺栓,,,,TR100A,100-0100
00271607,,BOLT,螺栓,,,,TR100A,270-0010
00271609,,BOLT,螺栓,,,,TR100A,220-0190
00271617,,BOLT,螺栓,,,,TR100A,180-0030
00271619,,BOLT,螺栓,,,,TR100A,110-0030
00271621,,BOLT,㷰ṉ,,,,TR100A,100-0010 120-0010
00273469,,PLUG,螺塞,,,,TR100A,160-0040 160-0050 200-0011
00273852,,LOCKNUM,自锁螺母,,,,TR100A,180-0050
00273921,,PIN,,,,,TR100A,120-0240
00274141,,NUT,㷰∃,,,,TR100A,100-0010 100-0090 210-0020
00274191,,LOCKNUT,,,,,TR100A,160-0030
00274208,,NUTS,螺母,,,,TR100A,190-0070 210-0020 210-0061 220-0230 270-0010 300-0050
00274209,,LOCKNUT,螺母,,,,TR100A,100-0040 100-0070 100-0090 210-0050
00274248,,O O-RING DAMPER,,,,,TR100A,165-0030
00274253,,O RING,,,,,TR100A,220-0080
00274416,,RING,,,,,TR100A,220-0060
00274489,,,,,,,TR100A,220-0120
00274821,,LOCKNUT,自锁螺母,,,,TR100A,210-0050
00274856,,NUT,螺母,,,,TR100A,190-0070
00274890,,PIN,,,,,TR100A,120-0320
00427574,,BOLT,螺栓,,,,TR100A,120-0190
00427667,,NUT,螺母,,,,TR100A,220-0190
00436484,,PIN COTTER,,,,,TR100A,270-0080
00442733,,BOLT,螺栓,,,,TR100A,160-0030 230-0020
00443977,,CONNECTOR,,,,,TR100A,110-0060
00444335,,REDUCER,变径接头,,,,TR100A,120-0290 230-0040
00444613,,PLUG,螺塞,,,,TR100A,120-0090 180-0050 220-0120 220-0190 230-0040
00444625,,.PLUG(0.38IN),.壳体,,,,TR100A,120-0090
00444631,,PIPE PLUG,螺塞,,,,TR100A,230-0040
00444637,,PLUG,螺塞,,,,TR100A,230-0040
00444654,,PLUG,,,,,TR100A,120-0210
00444679,,PIPE PLUG,螺堵,,,,TR100A,230-0040
00444688,,PLUG,螺堵,,,,TR100A,120-0260 180-0030 200-0011
00444692,,PLUG,,,,,TR100A,165-0030
00444698,,Q PLUG,,,,,TR100A,110-0130
00453606,,C BALL,,,,,TR100A,120-0280 120-0310 120-0320 120-0330
00454111,,ELBOW,弯头,,,,TR100A,260-0140
00454112,,ELBOW,弯头,,,,TR100A,110-0140
00454148,,TEE,三通,,,,TR100A,230-0041
00454414,,BOLT,螺栓,,,,TR100A,100-0070 210-0020
00454815,,BOLT,,,,,TR100A,120-0240
00454910,,BOLT,,,,,TR100A,160-0040
00454989,,BOLT,,,,,TR100A,140-0040
00455012,,BOLT,,,,,TR100A,120-0260
00455964,,PIN,,,,,TR100A,120-0320
00456513,,CUP BEARING,,,,,TR100A,140-0040
00457151,,BEARING,轴承,,,,TR100A,220-0090
00552868,,GASKET,,,,,TR100A,120-0340
00784079,,PIN,,,,,TR100A,110-0130
00784088,,PIN DOWEL,,,,,TR100A,165-0030
00784094,,PIN DOWEL,,,,,TR100A,165-0030
00864,,"Kit, Cyl Blk H dware S S E Draincock",,,,,QST30,BB5702-18
00907451,,.BEARING,.轴承,,,,TR100A,120-0090
00907559,,.BEARING,.轴承,,,,TR100A,120-0090
00907561,,.BEARING,.轴承,,,,TR100A,120-0090
00936559,,PIN,,,,,TR100A,165-0030
01-MA,,"AR-13 C CM850, Numb ber Des scription Requ ired Remar rks",,,,,QST30,QST30-121
0179828,,BOLT,螺栓,,,,TR100A,250-0020
02219907,,RING-SNAP,,,,,TR100A,120-0290
02276784,,SCREW-BLEED,,,,,TR100A,165-0030
02278702,,CLAMP,,,,,TR100A,210-0040
02301722,,PIPE-CLAMP,夹子,,,,TR100A,260-0140
02389616,,NUT-WING,翼型螺母,,,,TR100A,230-0040
02436163,,WASHER,,,,,TR100A,120-0200
046201,,"S eal, O Ring S crew, Hexago on Head Cap M10 x x C over, Protectiv ve S crew, Banjo Connector C Tu ube, Fuel Sup pply Tu ube, Fuel Dra in S pacer, Mounti ng S pacer, Mounti ng S pacer, Mounti ng S crew, Banjo Connector C C lamp, Tube B race, Hose S crew, Banjo Connector C Va alve, Check S crew, Hexago on Head Cap M10 x x S crew, Hexago on Head Cap M10 x x S crew, Hexago on Head Cap M10 x x",,,,,QST30,QST30-126
05-SE,,EP-12 C,,,,,QST30,QST30-76
06350512,,BOLT,螺栓,,,,TR100A,120-0190 190-0070 300-0030
06350612,,BOLT,螺栓,,,,TR100A,190-0070
06350625,,BOLT,,,,,TR100A,200-0050
06350816,,BOLT,螺栓,,,,TR100A,230-0021
06350820,,BOLT,螺栓,,,,TR100A,100-0070 110-0130 230-0021 250-0020 260-0015
06350825,,BOLT,螺栓,,,,TR100A,100-0070 190-0320 260-0190
06350835,,BOLT,螺栓,,,,TR100A,100-0070
06350850,,BOLT,螺栓,,,,TR100A,250-0020
06351020,,BOLT,螺栓,,,,TR100A,250-0020 260-0110
06351025,,BOLT,螺栓,,,,TR100A,260-0110
06351030,,BOLT,螺栓,,,,TR100A,220-0010 300-0030
06351235,,BOLT,螺栓,,,,TR100A,210-0061
06351240,,BOLT,螺栓,,,,TR100A,210-0050
06430801,,NUT,螺母,,,,TR100A,260-0090
06431001,,NUT,螺母,,,,TR100A,190-0070
06441020,,BOLT,螺栓,,,,TR100A,250-0020 260-0011
06470601,,LOCKNUT,锁紧螺母,,,,TR100A,100-0070
06471001,,LOCKNUT,螺母,,,,TR100A,100-0090 250-0020
06472001,,NUT,㷪⇽,,,,TR100A,200-0010
06525035,,VALVE FILLING,充注阀总成,,,,TR100A,180-0030 180-0050 220-0080 250-0060
06621045,,BOLT,螺栓,,,,TR100A,250-0020
06621235,,BOLT,螺栓,,,,TR100A,260-0090
06750027,,RING-SNAP,,,,,TR100A,120-0280
06750220,,RING,,,,,TR100A,120-0320
06750259,,RING-SNAP,,,,,TR100A,120-0200 120-0280
06750924,,RING-SNAP,,,,,TR100A,120-0200
06750967,,@ABL CAP-BREATHER,呼吸器帽,,,,TR100A,100-0270 110-0130
06753487,,RING-SNAP,,,,,TR100A,120-0210
06753893,,RING-SNAP,,,,,TR100A,120-0310
06754835,,RING-SNAP,,,,,TR100A,120-0280
06755269,,STRIP,,,,,TR100A,120-0260
06756041,,RING-SNAP PLATE-INTER,,,,,TR100A,120-0280 120-0300
06756042,,SPRING-RETURN,,,,,TR100A,120-0280 120-0300
06756338,,SPACER,,,,,TR100A,120-0210
06758337,,COVER,,,,,TR100A,120-0210
06758437,,GASKET,,,,,TR100A,120-0290
06758442,,GASKET,,,,,TR100A,120-0210
06758459,,VALVE,,,,,TR100A,120-0210 120-0290
06758461,,PLUG,,,,,TR100A,120-0230
06758462,,PIN,,,,,TR100A,120-0290
06758473,,SHIELD STRAINER/MAGNET,,,,,TR100A,120-0290
06758488,,TUBE,,,,,TR100A,120-0290
06758497,,I! RETAINER,,,,,TR100A,120-0280
06758508,,SPRING,,,,,TR100A,120-0230
06758529,,GEAR,,,,,TR100A,120-0220
06758530,,ROLLER,,,,,TR100A,120-0220
06758543,,PLUG,,,,,TR100A,120-0240
06758907,,STOP-NLA,,,,,TR100A,120-0230
06759340,,ANCHOR,,,,,TR100A,120-0280
06759379,,HOSE-JUMPER,,,,,TR100A,120-0290
06759381,,JUMPER-TUBE,,,,,TR100A,120-0290
06760112,,GASKET,,,,,TR100A,120-0230
06768264,,SHIM,,,,,TR100A,120-0230
06768419,,PIN,,,,,TR100A,120-0310
06768478,,KEY,,,,,TR100A,120-0310
06768990,,PTO COVER-PTO,,,,,TR100A,120-0210
06769195,,RING-SNAP,,,,,TR100A,120-0280
06769289,,SEAL,,,,,TR100A,120-0310
06769720,,GEAR-DRIVE,,,,,TR100A,120-0220
06769722,,GEAR-DRIVE,,,,,TR100A,120-0220
06769783,,SHIM,,,,,TR100A,120-0230
06770023,,VALVE,,,,,TR100A,120-0240
06770075,,VALVE,,,,,TR100A,120-0230
06770557,,PLUG,,,,,TR100A,120-0230
06770571,,SEAT,,,,,TR100A,120-0290
06770591,,@A HOUSING,,,,,TR100A,120-0280
06770623,,SEAL PISTON-SPLITTER,,,,,TR100A,120-0280 120-0300
06771005,,RING,,,,,TR100A,120-0240
06771233,,SEAL,,,,,TR100A,120-0200
06771300,,COVER PLATE,,,,,TR100A,120-0340
06771316,,E PINION-SET,,,,,TR100A,120-0280
06771690,,KEY,,,,,TR100A,120-0280
06772140,,SHIM-.025,,,,,TR100A,120-0260
06772141,,SHIM-.005,,,,,TR100A,120-0260
06772143,,GEAR,,,,,TR100A,120-0280
06772182,,NUT,螺母,,,,TR100A,120-0020
06773806,,RING-SNAP,,,,,TR100A,120-0280
06774565,,BREATHER,,,,,TR100A,120-0290
06775539,,PLUG,,,,,TR100A,120-0320
06776170,,ROLLER,,,,,TR100A,120-0200
06776171,,PLATE,,,,,TR100A,120-0200
06776172,,CUP,,,,,TR100A,120-0200
06776175,,CAM,,,,,TR100A,120-0200
06776176,,RACE,,,,,TR100A,120-0200
06776179,,RING-SNAP,,,,,TR100A,120-0200
06776185,,PLATE,,,,,TR100A,120-0200
06776186,,NUT,,,,,TR100A,120-0200
06776188,,LOCKSTRIP,,,,,TR100A,120-0200
06776189,,RETAINER,,,,,TR100A,120-0200
06776190,,RING-SNAP,,,,,TR100A,120-0200
06776211,,SLEEVE,,,,,TR100A,120-0210
06776228,,GEAR-OIL,,,,,TR100A,120-0210
06776230,,SPINDLE,,,,,TR100A,120-0210
06776232,,PLATE,,,,,TR100A,120-0260
06776237,,BUSH,,,,,TR100A,120-0330
06776241,,RING-SNAP,,,,,TR100A,120-0260
06776246,,PLATE-RETAINER,隔环,,,,TR100A,120-0020
06776247,,SEAL,,,,,TR100A,120-0330
06776253,,VALVE,,,,,TR100A,120-0270
06776261,,KEY,,,,,TR100A,120-0320
06776268,,SPINDLE,,,,,TR100A,120-0330
06776269,,TUBE-RETURN,,,,,TR100A,120-0290
06776290,,SEAT,,,,,TR100A,120-0210
06776292,,RING-SNAP,,,,,TR100A,120-0210
06776295,,RING,,,,,TR100A,120-0260
06776297,,GASKET,,,,,TR100A,120-0270
06776300,,GASKET,,,,,TR100A,120-0270
06776313,,PIN,,,,,TR100A,120-0210
06776314,,RING-SNAP,,,,,TR100A,120-0270
06776324,,BC SPRING,,,,,TR100A,120-0210
06776353,,WASHER,,,,,TR100A,120-0320
06776451,,SCREEN,,,,,TR100A,120-0220
06776610,,PLATE-REACTION,,,,,TR100A,120-0280 120-0300 120-0310 120-0320
06776626,,PLATE,,,,,TR100A,120-0280
06776629,,DRUM,,,,,TR100A,120-0300
06776686,,STATOR,,,,,TR100A,120-0200
06777242,,PIN,,,,,TR100A,120-0200 120-0280 120-0300 120-0310
06777634,,COVER,,,,,TR100A,120-0200
06777657,,BODY ASSY,,,,,TR100A,120-0220
06777658,,GASKET,,,,,TR100A,120-0220
06777659,,GASKET,,,,,TR100A,120-0220
06777672,,KIT-SEAL,,,,,TR100A,120-0200
06777685,,HUB-PUMP DRIVE,,,,,TR100A,120-0210
06777693,,GASKET,,,,,TR100A,120-0200
06777698,,GASKET,,,,,TR100A,120-0220
06777747,,SLEEVE,,,,,TR100A,120-0320
06777764,,CIRCLIP,,,,,TR100A,120-0320
06777766,,GEAR ASM,,,,,TR100A,120-0330
06777768,,PISTON,,,,,TR100A,120-0330
06777792,,CIRCLIP,,,,,TR100A,120-0320 120-0330
06777795,,PLATE,,,,,TR100A,120-0330
06777796,,PLATE-REACTION,,,,,TR100A,120-0320 120-0330
06777797,,CIRCLIP,,,,,TR100A,120-0330
06777814,,DRUM,,,,,TR100A,120-0280
06777889,,PLATE-BACKING,,,,,TR100A,120-0200
06777905,,SEAL,,,,,TR100A,120-0330
06777908,,LOW,,,,,TR100A,120-0280 120-0300
06777990,,KIT-SEAL,,,,,TR100A,120-0320
06777991,,KIT-SEAL,,,,,TR100A,120-0320
06777992,,KIT-SEAL,,,,,TR100A,120-0330
06777993,,KIT-SEAL,,,,,TR100A,120-0330
06777994,,KIT-SEAL,,,,,TR100A,120-0200
06777995,,KIT-SEAL,,,,,TR100A,120-0330
06778691,,RETAINER,,,,,TR100A,120-0340
06779125,,FLANGE,,,,,TR100A,120-0210
06779144,,ANCHOR,,,,,TR100A,120-0320
06779557,,PISTON-LOCKUP,,,,,TR100A,120-0200
06779566,,HUB,,,,,TR100A,120-0290
06779576,,RING-OIL COLLECTOR,,,,,TR100A,120-0310
06779581,,SPINDLE,,,,,TR100A,120-0310
06779653,,RETAINER,,,,,TR100A,120-0320
06779887,,PLATE,,,,,TR100A,120-0200
067825,,"Screw, He ex Flange Hea ad Cap",,,,,QST30,QST30-100
06830007,,SEAL,,,,,TR100A,120-0210
06830063,,SPRING,,,,,TR100A,120-0200
06830132,,SPACER,,,,,TR100A,120-0310
06830333,,BEARING,,,,,TR100A,120-0310
06831031,,PISTON,,,,,TR100A,120-0280
06831033,,PISTON,,,,,TR100A,120-0310
06831048,,PINION-SET,,,,,TR100A,120-0330
06831049,,PINION-SET,,,,,TR100A,120-0310
06831050,,SEAL KIT,,,,,TR100A,120-0200
06831961,,SPINDLE,,,,,TR100A,120-0320
06832138,,PLATE-FRICTION,,,,,TR100A,120-0200 120-0330
06832158,,GEAR,,,,,TR100A,120-0320
06832249,,HUB,,,,,TR100A,120-0330
06832383,,F PINION-SET,,,,,TR100A,120-0320
06832423,,PLATE ASM,,,,,TR100A,120-0220
06832481,,KIT-SEAL,,,,,TR100A,120-0280 120-0300
06832482,,SEAL,,,,,TR100A,120-0280 120-0320
06832483,,SEAL,,,,,TR100A,120-0280
06832484,,SEAL,,,,,TR100A,120-0310
06832485,,SEAL,,,,,TR100A,120-0310 120-0320
06832598,,RING-SNAP,,,,,TR100A,120-0320
06832627,,,,,,,TR100A,120-0300
06832808,,GEAR,,,,,TR100A,120-0310
06832868,,PLATE,,,,,TR100A,120-0280
06833144,,HOUSING,,,,,TR100A,120-0310
06833146,,ANCHOR,,,,,TR100A,120-0320
06833147,,RANGE,,,,,TR100A,120-0320
06833150,,GEAR-2ND RANGE,,,,,TR100A,120-0310
06833152,,GEAR-1ST RANGE,,,,,TR100A,120-0320
06833160,,GEAR-IDLER,,,,,TR100A,120-0210
06833203,,SPRING PLATE-INTER,,,,,TR100A,120-0310 120-0320
06833247,,SPRING,,,,,TR100A,120-0290
06833812,,SPACER,,,,,TR100A,120-0300
06833815,,"""F HUB",,,,,TR100A,120-0280
06834878,,GEAR,,,,,TR100A,120-0340
06835742,,SPRING,,,,,TR100A,120-0280
06835820,,VALVE,,,,,TR100A,120-0270
06836024,,ANCHOR,,,,,TR100A,120-0310
06836199,,HOUSING,,,,,TR100A,120-0200
06836219,,SHAFT,,,,,TR100A,120-0310
06836231,,PLUG,,,,,TR100A,120-0260
06837146,,BEARING,,,,,TR100A,120-0320
06837689,,PISTON,,,,,TR100A,120-0320
06838274,,KEY,,,,,TR100A,120-0320
06838520,,SPRING,,,,,TR100A,120-0240
06838651,,CARRIER,,,,,TR100A,120-0310
06838652,,HUB,,,,,TR100A,120-0320
06838653,,RGE,,,,,TR100A,120-0310
06838678,,GASKET,,,,,TR100A,120-0340
06838686,,RETAINER,,,,,TR100A,120-0290
06839183,,LEVEL,,,,,TR100A,120-0290
06839418,,SPINDLE,,,,,TR100A,120-0280
06880121,,PUMP ASSY,,,,,TR100A,120-0220
06880122,,BODY ASM,,,,,TR100A,120-0220
06880860,,GASKET,,,,,TR100A,120-0240
06881547,,:A COUPLING,,,,,TR100A,120-0210
06882702,,GASKET,,,,,TR100A,120-0210
06883081,,SHAFT ASSY,,,,,TR100A,120-0260
06884434,,BEARING,,,,,TR100A,120-0310
06884436,,GEAR,,,,,TR100A,120-0280
06884835,,BEARING,,,,,TR100A,120-0280
06884850,,RETAINER,,,,,TR100A,120-0260
06885169,,CIRCLIP,,,,,TR100A,120-0310
06885535,,CARRIER,,,,,TR100A,120-0330
06944596,,WEARING RING,,,,,TR100A,230-0130
07150615,,WASHER,,,,,TR100A,200-0050
07150620,,WASHER,垫圈,,,,TR100A,100-0070 300-0030
07150815,,PLAIN WASHER,平垫,,,,TR100A,100-0070 230-0021 260-0090
07151020,,PIAIN WASHER,平垫圈见图,,,,TR100A,250-0020 260-0110
07160030,,LOCKWASHER,弹簧垫圈,,,,TR100A,260-0011
07160530,,LOCKWASHER,锁紧垫圈,,,,TR100A,120-0190
07160630,,LOCK WASHER,锁紧垫圈,,,,TR100A,200-0050 230-0021
07160830,,SPRING WASHER,弹垫,,,,TR100A,100-0070 230-0021 250-0020 260-0015 260-0090
07161030,,SPRING,弹簧,,,,TR100A,250-0020 260-0110
07161230,,LOCKWASHER,弹簧垫圈,,,,TR100A,260-0090
07551826,,HOSE-BULK,热水管,,,,TR100A,260-0140
07552191,,WASHER,,,,,TR100A,250-0060
08892840,,RING-SNAP,,,,,TR100A,120-0210 120-0280
09003522,,ROD BOLT,长螺杆,,,,TR100A,230-0040
09003530,,SHIM(0.020IN),调隙片(0.020”),,,,TR100A,120-0090
09003658,,SHIM(0.003IN),调隙片(0.003”),,,,TR100A,120-0090
09003659,,SHIM(0.008IN),调隙片(0.008”),,,,TR100A,120-0090
09004006,,DAMPING PAD,减震垫,,,,TR100A,190-0100
09007687,,BRACKET,支架,,,,TR100A,190-0100
09008198,,WASHER,,,,,TR100A,165-0020
09008525,,PLUG,,,,,TR100A,110-0130 160-0040
09010662,,CIRCLIP,卡环,,,,TR100A,180-0050
09011828,,BUSHING,㺢ྍ,,,,TR100A,100-0010
09012026,,SPACER(0.25 IN),,,,,TR100A,120-0010
09012544,,MOUNTING,,,,,TR100A,120-0010
09014079,,P CLAMP,夹子,,,,TR100A,260-0140
09014080,,P CLAMP,夹子,,,,TR100A,110-0140 200-0040
09014081,,P CLAMP,夹子,,,,TR100A,260-0140
09014131,,WEARING RING,,,,,TR100A,230-0130
09014285,,PLATE,,,,,TR100A,220-0120
09014362,,RING-BACK UP,,,,,TR100A,230-0130
09014414,,WASHER THRUST,止推垫圈,,,,TR100A,220-0190
09014532,,SEAL,,,,,TR100A,220-0120
09014535,,,,,,,TR100A,220-0120
09014537,,PISTON,,,,,TR100A,220-0120
09014540,,CAP-END,,,,,TR100A,220-0120
09014593,,O O RING,,,,,TR100A,230-0130
09014633,,PISTON RING,,,,,TR100A,230-0130
09014635,,RING-BACK UP A.CONTAIN,,,,,TR100A,230-0130
09014636,,O O RING NOTE/,,,,,TR100A,230-0130
09014648,,BASE ASSY,,,,,TR100A,230-0130
09014649,,BUSHING,,,,,TR100A,230-0130
09014653,,TUBE ASSY,,,,,TR100A,230-0130
09014950,,NIPPLE,接头,,,,TR100A,260-0140
09015397,,D! SPACER,隔圈,,,,TR100A,160-0030 180-0050
09015398,,PIN ASSEMBLY,销总成,,,,TR100A,160-0030 180-0050
09015939,,SPRING,弹簧,,,,TR100A,270-0020
09016036,,STARP,,,,,TR100A,220-0060
09016245,,RING SNAP,,,,,TR100A,140-0040
09016660,,WASHER HARDENED,,,,,TR100A,160-0030
09016783,,O RING,“O”形圈,,,,TR100A,180-0050
09016784,,RING SUPPORT,支撑环,,,,TR100A,180-0050
09016787,,RING WIPER,防尘圈,,,,TR100A,180-0050
09016970,,NUT,螺母,,,,TR100A,220-0190
09018309,,PLATE,板,,,,TR100A,220-0190
09018310,,RING RETAINER,止动环,,,,TR100A,220-0190
09018418,,AB PIN SHAFT ASSY,,,,,TR100A,230-0130
09018420,,WEARING RING,,,,,TR100A,230-0130
09018463,,RING-RETAINER,,,,,TR100A,220-0120
09018813,,PISTON,,,,,TR100A,220-0080
09018819,,WEARING RING,,,,,TR100A,220-0080
09018820,,SEAL,,,,,TR100A,220-0080
09019478,,ANTI-SHEARING KEY,剪切键,,,,TR100A,180-0030
09019600,,PLATE,,,,,TR100A,140-0040
09019601,,COVER,,,,,TR100A,140-0040
09019631,,PLAIN WASHER,垫片,,,,TR100A,100-0070 165-0030
09019828,,SHIM PACK,,,,,TR100A,140-0040
09024628,,GASKET,,,,,TR100A,210-0040
09029849,,SEALANT,乐泰胶,,,,TR100A,230-0040
09030336,,RING LARGE,大环,,,,TR100A,180-0030 180-0050
09030499,,CLIP,鞍型卡子,,,,TR100A,210-0050
09030744,,HOSE,,,,,TR100A,210-0040
09034883,,CORE,芯,,,,TR100A,180-0030
09035137,,CAP,帽,,,,TR100A,180-0030 180-0050
09036867,,RING-BACK UP,,,,,TR100A,220-0080
09038953,,FILTER ASSY,滤芯总成,,,,TR100A,230-0040
09051190,,=CD =GROMMET,,,,,TR100A,140-0040 160-0050
09051432,,VALVE-BLEEDER,,,,,TR100A,165-0020
09052234,,PLUG SCREW,螺堵,,,,TR100A,190-0270 220-0010 230-0110
09055397,,“O”$ O RING,,,,,TR100A,250-0060
09055400,,CAP,,,,,TR100A,250-0060
09055401,,RING,,,,,TR100A,250-0060
09055402,,END CAP,,,,,TR100A,250-0060
09055407,,RING,,,,,TR100A,250-0060
09055408,,WASHER,,,,,TR100A,250-0060
09055409,,PISTON,,,,,TR100A,250-0060
09055615,,BEARING,轴承,,,,TR100A,220-0090
09057239,,KIT-SPRING CENTERING,对中弹簧组件,,,,TR100A,220-0090
09058895,,BOLT,,,,,TR100A,165-0020
09058896,,WASHER,,,,,TR100A,165-0020
09058900,,BOLT,,,,,TR100A,165-0020
09058901,,WASHER,,,,,TR100A,165-0020
09058905,,PISTON,,,,,TR100A,165-0020
09060202,,FLATWASHER,淬火垫圈,,,,TR100A,190-0080 210-0052 260-0190 270-0010 270-0020
09060288,,SPACER,隔圈,,,,TR100A,220-0190
09060302,,PLATE,板,,,,TR100A,220-0190
09061852,,GUARD ASSY-LH,左护板,,,,TR100A,270-0010
09062323,,LINK STABILIZER,,,,,TR100A,160-0030
09062561,,=BUSHING,,,,,TR100A,140-0040
09062605,,SEAL,,,,,TR100A,140-0040
09062643,,WASHER,,,,,TR100A,140-0040
09062983,,CLAMP,,,,,TR100A,140-0040
09063017,,SHIM-PACK,,,,,TR100A,160-0050
09063025,,BOLT,,,,,TR100A,160-0050
09063065,,WASHER,,,,,TR100A,110-0060
09064750,,PIN-RETAINING,,,,,TR100A,165-0030
09064810,,PLATE-RETAINER,,,,,TR100A,165-0030
09064938,,DRIVER WHEEL,,,,,TR100A,165-0030
09065305,,SPRING SEAL ASSEMBLY-,,,,,TR100A,165-0030
09065306,,SPRING,,,,,TR100A,165-0030
09065315,,SPRING,,,,,TR100A,165-0030
09065332,,WASHER SPRING-HOUSING,,,,,TR100A,165-0030
09065853,,CLAMP,夹子,,,,TR100A,270-0020
09066282,,CAP,,,,,TR100A,210-0040
09066677,,RING,,,,,TR100A,120-0010
09068505,,SCREW,,,,,TR100A,165-0030
09068666,,WASHER HARDENED,淬火垫圈,,,,TR100A,180-0030 180-0050
09068999,,SCREEN ASSY,滤网,,,,TR100A,230-0040
09069437,,TUBE CYLINDER,缸筒,,,,TR100A,180-0050
09069441,,BRACKET SEAL RING,密封座,,,,TR100A,180-0050
09069466,,RING WIPER,防尘圈,,,,TR100A,180-0030
09069472,,RING SUPPORT,支撑环,,,,TR100A,180-0030
09069475,,PISTON,活塞,,,,TR100A,180-0030
09069476,,CYLINDERTUBE INNER,内管,,,,TR100A,180-0030
09069767,,SEAL RING,密封圈,,,,TR100A,180-0030
09069958,,COVER,盖,,,,TR100A,180-0030
09069959,,STOP-OSCILLATION,,,,,TR100A,160-0030
09071313,,TUBE ASSY,,,,,TR100A,210-0052
09071447,,CLAMP,,,,,TR100A,110-0060
09071724,,LOCK HOOK,䬷䫟,,,,TR100A,200-0010
09072627,,BOLT,,,,,TR100A,165-0030
09072826,,CLAMP,㇗཯,,,,TR100A,210-0052
09072942,,PIN LOCKING,锁止销,,,,TR100A,220-0190
09074283,,WASHER HARDENED,,,,,TR100A,165-0020
09074668,,SPACER,,,,,TR100A,160-0040
09074670,,+SPACER,,,,,TR100A,160-0040
09074815,,AB STUD,,,,,TR100A,140-0040 160-0050
09077822,,PAD,垫块,,,,TR100A,260-0110
09079696,,PISTON ROD ASSY,活塞杆,,,,TR100A,180-0050
09079697,,PISTON,活塞,,,,TR100A,180-0050
09113457,,LOCKWIRE,锁丝,,,,TR100A,140-0040 160-0020 160-0040 160-0050 165-0030 230-0040
09114321,,BARCKET,支架,,,,TR100A,260-0140
09114897,,SCREW,,,,,TR100A,160-0020
09116292,,=HI =CAP,,,,,TR100A,140-0040 160-0050
09117927,,"AB""C PLUG-MAGNETIC",,,,,TR100A,160-0030
09120766,,IC HOSE ASSY,,,,,TR100A,110-0130
09121127,,HOSE,软管,,,,TR100A,110-0030
09122167,,GH CONNECTOR,,,,,TR100A,110-0130 160-0030
09123142,,WASHER,垫圈,,,,TR100A,300-0030
09125576,,4O56) O RING,,,,,TR100A,160-0040
09131853,,CLAMP,管夹,,,,TR100A,190-0070 260-0130
09131857,,CLAMP,夹子,,,,TR100A,110-0030 110-0130 190-0320
09131865,,CLAMP,夹子,,,,TR100A,220-0010
09131873,,CLAMP-PIPE,管夹,,,,TR100A,100-0270 190-0070
09131877,,P CLAMP,夹子,,,,TR100A,110-0140 230-0020
09136387,,NIPPLE,接头,,,,TR100A,260-0140
09136532,,NIPPLE,,,,,TR100A,120-0010
09136639,,"""HIJ NIPPLE",接头,,,,TR100A,160-0030 200-0040 230-0040 230-0041
09139803,,CLAMP,夹子,,,,TR100A,110-0140 210-0040
09139825,,CLAMP,卡箍,,,,TR100A,180-0050
09139927,,WASHER,垫片,,,,TR100A,210-0020
09141860,,>O?@# O RING,,,,,TR100A,160-0020
09141862,,O O RING,,,,,TR100A,220-0120
09141863,,4O56) O RING,,,,,TR100A,160-0040
09141915,,O O RING,ශാ,,,,TR100A,200-0010
09141918,,O RING,形圈,,,,TR100A,230-0020
09142286,,"=HJ =CORE K A:LMN""NHLV046""O""NHLV048""P O15Q RSPTU VWXYZ[\NRSLMP 15]S^_ `abcd efg NOTE: A: ITEMS AND MARKED BY NHL V046 AND NHL V048 ARE FROM DIFFERENT MANUFACTURES. NEVER USE ITEMS WITH DIFFERENT IDENTIFICATIONS ON ONE TYRE.",,,,,TR100A,140-0040 160-0050
09148477,,LEVER,杆,,,,TR100A,120-0190
09152890,,CAMP,夹子,,,,TR100A,190-0030
09152893,,JK CLIP,,,,,TR100A,110-0130
09152894,,CLIP,夹子,,,,TR100A,250-0020
09152949,,P CLAMP,夹子,,,,TR100A,110-0140 120-0010 200-0040 300-0050
09153476,,SEAL,油封,,,,TR100A,120-0190
09156021,,GASKET,,,,,TR100A,220-0060
09157292,,CLAMP,夹子,,,,TR100A,190-0070 300-0030
09158575,,HOSE,,,,,TR100A,210-0040
09160607,,SCREEN,┚㖇,,,,TR100A,200-0010
09167602,,FLANGE-SPLIT,对开法兰,,,,TR100A,210-0052 210-0061 230-0020
09169669,,O RING,,,,,TR100A,220-0080
09170517,,BOLT,,,,,TR100A,160-0020
09172766,,3O45 O RING,,,,,TR100A,220-0060
09176191,,P CLIP-P,夹子,,,,TR100A,250-0020
09176228,,WASHER HARDENED,␢⚡෡ാ,,,,TR100A,100-0010 100-0070 100-0090 110-0030 270-0010
09179585,,STUD,,,,,TR100A,220-0060
09182221,,MOUNT-FLEXIBLE,柔性安装垫,,,,TR100A,210-0020
09182350,,.HOUSING,.螺塞,,,,TR100A,120-0090
09182507,,.GEAR,.齿轮,,,,TR100A,120-0090
09182508,,.GEAR,.齿轮,,,,TR100A,120-0090
09182509,,PT0 PTO ASSY,总成,,,,TR100A,120-0090
09182510,,.SHAFT,.轴,,,,TR100A,120-0090
09182511,,.SHAFT,.轴,,,,TR100A,120-0090
09183203,,PLUG,塞子,,,,TR100A,220-0010
09183205,,PLUG,,,,,TR100A,165-0030
09183385,,gGASKET,g෡,,,,TR100A,200-0010
09186377,,MOUNT-FLEXIBLE,减振垫,,,,TR100A,210-0020
09187694,,WASHER,垫片,,,,TR100A,210-0020
09188288,,GASKET,密封垫,,,,TR100A,230-0040
09188290,,ROD BOLT,螺杆,,,,TR100A,230-0040
09189082,,GASKET,,,,,TR100A,120-0010
09190141,,RING SMSLL,小环,,,,TR100A,180-0030 180-0050
09191596,,PLAIN WASHER,垫片,,,,TR100A,100-0070 230-0041 270-0010
09192618,,BUSHING,,,,,TR100A,160-0020
09194658,,CLIP,夹子,,,,TR100A,210-0061
09195340,,CAP-FILLER,,,,,TR100A,120-0010
09196306,,PAD,螺纹垫块,,,,TR100A,190-0320
09196539,,TUBE-FILLER,,,,,TR100A,120-0010
09197104,,ELBOW-RUBBER,,,,,TR100A,110-0060
09197976,,CONNECTOR- RUBBER,,,,,TR100A,110-0060
09198177,,P CLAMP,夹子,,,,TR100A,110-0140
09206866,,GASKET,,,,,TR100A,220-0060
09209490,,“O”) O RING,,,,,TR100A,140-0040 160-0050
09210549,,GROMMET,眼护圈,,,,TR100A,190-0070
09211054,,VALVE ASSY,,,,,TR100A,160-0050
09216692,,BOLT,,,,,TR100A,160-0020
09217321,,WASHER,垫圈,,,,TR100A,160-0030 180-0050 230-0130
09218975,,PIN-CLEVIS,销子,,,,TR100A,120-0190
09222091,,O RING,“O”形圈,,,,TR100A,180-0030
09226983,,BOLT,,,,,TR100A,165-0020
09227352,,CLAMP,,,,,TR100A,120-0010
09228659,,HOSE,,,,,TR100A,210-0040
09229246,,CLAMP,,,,,TR100A,110-0060
09232989,,@AB BREATHER ASSY,,,,,TR100A,110-0130
09232990,,C PIPE,,,,,TR100A,110-0130
09233796,,HOSE,,,,,TR100A,120-0010
09236064,,KEY,键,,,,TR100A,120-0190
09241275,,U CLEVIS,形叉头,,,,TR100A,120-0190
09243825,,PRIMER,底剂,,,,TR100A,110-0030 110-0130 230-0040
09245142,,LOCK,,,,,TR100A,160-0020
09245234,,BEARING- ADJUSTER,,,,,TR100A,160-0020
09250715,,WASHER GUARD,垫圈,,,,TR100A,100-0100 110-0030 160-0020 160-0040 180-0030 200-0010 210-0020
09251092,,gCOVER,g෡,,,,TR100A,200-0010
09251163,,COVER ASSY,,,,,TR100A,200-0010
09251501,,L L-BRAKET,支架,,,,TR100A,190-0070 200-0040 300-0050
09252513,,ELBOW,弯头,,,,TR100A,200-0040
09253507,,D CAP-BEARING EF LOCKTITE 7063(NOT,,,,,TR100A,160-0020
09253566,,BUSHING,衬套,,,,TR100A,220-0190
09256074,,RING-PISTON LOCK NUT,,,,,TR100A,220-0120
09256136,,RING-BACK UP,,,,,TR100A,220-0120
09256601,,WIPER,,,,,TR100A,220-0120
09256608,,WIPER,,,,,TR100A,230-0130
09256717,,BOLT,,,,,TR100A,140-0040
09258624,,ADAPTOR,接头,,,,TR100A,230-0041
09261064,,STUD-BALL,,,,,TR100A,220-0120
09261065,,BUSHING,,,,,TR100A,220-0120
09262036,,GASKET,,,,,TR100A,140-0040
09262747,,"B"" LOCKNUT",,,,,TR100A,160-0050
09264851,,BOLT,,,,,TR100A,120-0010
09267949,,WASHER HARDENED,垫片,,,,TR100A,100-0040 100-0090 110-0060 210-0040 220-0060 230-0041
09268885,,LOCK,䬷,,,,TR100A,120-0010 200-0010
09268892,,KEY,䫛ॏ,,,,TR100A,120-0010 200-0010
09269632,,WASHER,,,,,TR100A,160-0030
09269710,,BOLT,螺栓,,,,TR100A,180-0030 180-0050
09270000,,PLAIN WASHER,垫片,,,,TR100A,100-0070 100-0090 100-0140 190-0080 210-0050 210-0070 220-0230 250-0020
09270005,,HARDENED WASHER,淬火垫圈,,,,TR100A,260-0015
09270713,,SEAL,,,,,TR100A,230-0130
09270762,,DECAL RETARDER,缓行器标牌,,,,TR100A,290-0010
09270768,,DECAL HYDRAULIC CONTROLS,液压控制贴片,,,,TR100A,290-0010
09270769,,DECAL HYDRAULIC OIL,液压油贴片,,,,TR100A,290-0010
09271069,,DECAL HOOK,吊钩贴片,,,,TR100A,290-0010
09272346,,SPIDER,,,,,TR100A,160-0020
09272352,,GEAR,,,,,TR100A,160-0020
09272386,,PINION B,,,,,TR100A,160-0020
09274893,,GEAR DRIVEN,,,,,TR100A,110-0130
09354243,,NUT,螺母,,,,TR100A,100-0070 220-0190 230-0130
09354879,,WASHER,眼护圈,,,,TR100A,300-0030
09355771,,NUT,㷰∃,,,,TR100A,100-0010 100-0070 120-0010 180-0030
09355772,,NUT,螺母,,,,TR100A,220-0190
09357070,,FITTING,,,,,TR100A,120-0010
09357072,,ELBOW,,,,,TR100A,120-0010
09361787,,DECAL –NEGATIVE,负极接地贴片,,,,TR100A,290-0010
09365767,,Nylon cable,卡带,,,,TR100A,200-0061
09368472,,VALVE,阀总成,,,,TR100A,230-0040
09368561,,BEADING R,护边,,,,TR100A,100-0040 190-0070 190-0080
09371048,,LOCTITE TEREADLOCK,乐泰胶,,,,TR100A,110-0030 110-0130 160-0020 165-0030
09383747,,RETAINER,,,,,TR100A,160-0030
09383748,,RETAINER,,,,,TR100A,160-0030
09383858,,TUBE CYLINDER,缸筒,,,,TR100A,180-0030
09384099,,END CAP,端盖,,,,TR100A,180-0030
09384151,,DIRT-PROOF SLEEVE,防尘套总成,,,,TR100A,180-0050
09384350,,SPACER,隔圈,,,,TR100A,100-0070
09384796,,SHIELD,,,,,TR100A,220-0080
09396483,,SEAL KIT.,,,,,TR100A,180-0050
09396484,,SEAL KIT.,,,,,TR100A,180-0030
09396485,,OVERHAUL KIT.,,,,,TR100A,220-0120
09396486,,SERVICE KIT.,,,,,TR100A,220-0080
09398392,,THERMOSTAT,温控器,,,,TR100A,260-0130
09399205,,PIN-CENTER,中心销,,,,TR100A,220-0090
09399211,,DRIVEAXLE,驱动轴,,,,TR100A,220-0090
09399212,,PLATE-WEAR,耐磨板,,,,TR100A,220-0090
09399214,,GEROTOR,齿轮马达,,,,TR100A,220-0090
09399215,,CAP-END,端盖,,,,TR100A,220-0090
09399216,,SCREW,螺钉,,,,TR100A,220-0090
09402706,,JOINT,接头,,,,TR100A,110-0030
09402711,,ADAPTER,接头,,,,TR100A,110-0140 200-0040
09402827,,ELBOW,弯头,,,,TR100A,200-0040
09402828,,ELBOW,弯头,,,,TR100A,110-0140 200-0040
09402867,,ELBOW,弯头,,,,TR100A,110-0140 200-0040
09409043,,BOLT,,,,,TR100A,120-0200
09409045,,BOLT,,,,,TR100A,120-0230
09409226,,BOLT,,,,,TR100A,120-0240
09409231,,BOLT,,,,,TR100A,120-0240
09409240,,BOLT,,,,,TR100A,120-0210 120-0260
09409907,,BOLT,螺栓,,,,TR100A,110-0030
09409982,,FLANGE-SPLIT,对开法兰,,,,TR100A,220-0010 230-0020
09409983,,FLANGE-SPLIT,对开法兰,,,,TR100A,230-0020
09409984,,FLANGE-SPLIT,对开法兰,,,,TR100A,210-0052 220-0010 230-0020
09409985,,FLANGE-SPLIT,对开法兰,,,,TR100A,210-0052 220-0010
09410968,,O O RING,型圈,,,,TR100A,220-0010 230-0020
09410969,,O RING,形圈,,,,TR100A,230-0020
09410970,,O O-RING,型圈,,,,TR100A,220-0010 230-0020
09410971,,O O RING,形圈,,,,TR100A,220-0010
09411010,,NOZZLE,油杯,,,,TR100A,110-0030 220-0190 270-0010
09411019,,NIPPLR-GREASE,黄油咀,,,,TR100A,160-0030 220-0190
09411566,,NUT,螺母,,,,TR100A,270-0010
09411743,,ELBOW,弯头,,,,TR100A,200-0040
09413386,,.RING,.卡环,,,,TR100A,120-0090
09413409,,.RING,.卡环,,,,TR100A,120-0090
09413420,,RING-SNAP,,,,,TR100A,160-0040
09414052,,BOLT,,,,,TR100A,120-0280
09415545,,WASHER,,,,,TR100A,120-0270
09416503,,NUT,螺母,,,,TR100A,270-0020
09417713,,NUT,螺母,,,,TR100A,120-0190 220-0060 250-0020
09417797,,SCREW,,,,,TR100A,120-0230
09418488,,CONE BEARING,,,,,TR100A,140-0040
09418964,,BOLT,,,,,TR100A,120-0220 120-0290
09419465,,NUT,自锁螺母,,,,TR100A,230-0041
09419493,,NUT,螺母,,,,TR100A,110-0030 160-0020 210-0020
09419495,,NUT,螺母,,,,TR100A,260-0015
09419496,,NUT B,,,,,TR100A,160-0020
09419497,,NUT-NYLON INSERT,,,,,TR100A,120-0010 165-0030
09420675,,PIN,,,,,TR100A,120-0200
09422848,,WASHER,,,,,TR100A,120-0230
09423349,,BOLT,螺栓,,,,TR100A,180-0030 180-0050
09423452,,ELBOW,弯头,,,,TR100A,230-0041
09425517,,RING-SNAP,,,,,TR100A,220-0120
09425519,,RING-SNAP,,,,,TR100A,160-0030
09427249,,CUP BEARING,,,,,TR100A,140-0040 160-0020
09428203,,CONE BEARING,,,,,TR100A,140-0040 160-0020
09429209,,NUT,螺母,,,,TR100A,120-0190
09430296,,BOLT B B,,,,,TR100A,160-0020
09430298,,BOLT,,,,,TR100A,160-0030
09430309,,BOLT,,,,,TR100A,160-0040
09433576,,NUT,,,,,TR100A,140-0040 160-0040 160-0050
09433984,,ADAPTER,接头,,,,TR100A,110-0140
09437224,,CONE-BEARING,,,,,TR100A,160-0050
09437225,,CUP-BEARING,,,,,TR100A,160-0050
1.00-8,,,,,,,TR100A,165-0030
1.00.,,"Collar, Thrust",,,,,QST30,PP5766-01
100110633,,NUT,螺母,,,,TR100A,270-0010
107981,,"Cap, Filler",,,,,QST30,OB5044-09
108172,,"Seal, O Ring",,,,,QST30,LG5010-01
108722,,Clip,,,,,QST30,QST30-126
12.13.14,,AND MARKED BY NHL V046 AND NHL V048 ARE FORM DIFFERENT MANUFACTURES.DON’T USE ITEMS,,,,,TR100A,160-0050
12047662,,CONNECTOR,,,,,TR100A,120-0240
12047664,,LOCK,,,,,TR100A,120-0240
12047767,,TERMINAL,,,,,TR100A,120-0240
12052410,,TERMINAL,,,,,TR100A,120-0240
12059716,CONNECTOR,CONNECTOR-BODY,,70.76,,,TR100A,120-0240
12129691,SENSOR,SENSOR,,380.87,Allison,,TR100A,120-0240
124507,"GEAR,FLYWHEELRING","Gear, Flywheel Ring",,9978.8,Cummins,,QST30,FH5033-04
127454,Tensioner large screw washer,"Washer, Plain · 5/8 in.",,276.8,Cummins,,QST30,FA5091-03
129768,,"Spring, Valve",,,,,QST30,QST30-126
129839,GASKET-SOLENOID VALVE,"Shield, Shutoff Valve",,51.1,Cummins,,QST30,QST30-126
129888,Rubber ring,"Seal, Rectangular Ring",,110.28,Cummins,,QST30,QST30-126
145528,O-ring,"· Se eal, O Ring 2",,56.36,Cummins,,QST30,3804938 WF5021-09
145581,Seal,"Seal, O Ring",,79.51,Cummins,,QST30,3804938 FA5091-03
145586,,"Seal, O Ring",,,,,QST30,3804938
146517,,"Nut, Regular Hexagon · 1/2 - 20 UNF",,,,,QST30,FA5091-03
15000417,SEAL OIL,SEAL-OIL,,760.6,,,TR100A,160-0020
15000838,PIN,PIN,悬缸销子,1365.95,Подвеска,,TR100A,180-0050
15000991,WASHER,WASHER,垫圈,47.97,Подвеска,,TR100A,180-0050
15001401,THREADED COLUMN,ADAPTOR,接头,16.79,,,TR100A,250-0020 260-0140
15001402,NUT,NUT,螺母,33.58,Рулевое управление,,TR100A,220-0010 250-0020 260-0140
15001403,CLAMP,CLAMP,夹子,51.04,Рулевое управление,,TR100A,220-0010
15001405,CLAMP,CLIP,夹子,81.45,,,TR100A,250-0020 260-0140
15001417,BUSHING,SPLIT,衬套,10.86,,,TR100A,250-0020
15001418,BUSHING,BUSHING-SPLIT,剖分衬套,19.55,Рулевое управление,,TR100A,220-0010
15001420,BUSHING-S,SPLIT,衬套,19.55,,,TR100A,250-0020
15001422,BUSHING,BUSHING-SPLIT,衬套,19.55,,,TR100A,260-0140
15001427,ADAPTOR-THREAD,STUDS,双头螺柱,5.05,Рулевое управление,,TR100A,220-0010
15001428,NUT-LONG,NUT-STACKING,㷰∃,55.17,,,TR100A,120-0110 210-0052 220-0010 230-0020
15001429,CLAMP,CLAMP,཯ᆆ,97.74,,,TR100A,120-0110 210-0052 220-0010 230-0020
15001430,CLAMP,CLAMP,཯ᆆ,127.12,,,TR100A,210-0052 220-0010 230-0020
15001434,BUSHING,BUSHING-SPLIT,衬套,59.96,,,TR100A,220-0010 230-0020
15001436,BUSHING,BUSHING-SPLIT,,23.99,,,TR100A,120-0110
15002672,O RING,O-RING,ශാ,21.59,,,TR100A,210-0052 210-0061
15003251,CLAMP,CLAMP,卡箍,82.54,Электрооборудование,,TR100A,190-0070
15003260,BUSHING,BUSHING-SPLIT,对开衬套,10.11,Электрооборудование,,TR100A,190-0070
15004712,CLAMP,CLAMP,཯ᆆ,311.69,,,TR100A,210-0052 210-0061 220-0010 230-0020
15004713,CLAMP,CLAMP,㇗཯,488.7,,,TR100A,210-0052 230-0020
15004740,BUSHING-S,RUBBER SLEEVE,橡胶套,257.84,Гидравлическая система,,TR100A,230-0020
15004744,BUSHING,BUSHING -SPLIT,㺢ྍ,44.37,Гидравлическая система,,TR100A,210-0052 230-0020
15004748,CLAMP,NUT,㷰∃,22.74,,,TR100A,210-0052 210-0061 220-0010 230-0020
15004932,CONTACT FLANGE-STEERING PUMP,MTG,,2526.82,,,TR100A,220-0060
15005357,BLOCK,BLOCK,垫块,333.39,,,TR100A,100-0070
15006324,LATCH ASSY,''LATCH SPRING,,560.05,,,TR100A,100-0040
15007042,,WASHER-HARDENED NOTE:,,,,,TR100A,220-0080
15007603,PLATE,PLATE,,147.51,,,TR100A,160-0020
15007621,BUSHING,SLEEVE,,1491.87,,,TR100A,160-0020
15007634,HOUSING,HOUSING DOWEL-,,80179.2,,,TR100A,160-0020
15007635,RETAINER,RETAINER-BEARING,,8947.6,,,TR100A,160-0020
15007646,SHIM-ADJUSTING,SHIM(0.003 IN),,117.53,,,TR100A,160-0020
15007647,SHIM,SHIM(0.010 IN),,181.32,,,TR100A,160-0020
15007648,SHIM,SHIM(0.030 IN),,289.02,,,TR100A,160-0020
15007649,SHIM-ADJUSTING,SHIM(0.010 IN),,58.76,,,TR100A,160-0020
15007650,SHIM,SHIM(0.010 IN),,83.95,,,TR100A,160-0020
15007651,SHIM,SHIM(0.010 IN),,159.5,,,TR100A,160-0020
15008260,O-RING,O-RING,ශാ,33.58,,,TR100A,210-0052
15008261,Уплотнительное кольцо,O-RING,ශാ,32.11,,,TR100A,210-0052
15008262,Уплотнительное кольцо,O-RING,ශാ,62.04,,,TR100A,210-0052
15009631,CARRIER,CARRIER-PLANETARY,,13299.68,,,TR100A,160-0040
15014536,,BAR,,,,,TR100A,120-0010
15014975,BUSHING,RUBBER SLEEVE,橡胶套,59.96,Гидравлическая система,,TR100A,230-0020 250-0020
15014977,BUSHING,BUSHING-SPLIT,剖分衬套,70.76,,,TR100A,220-0010 230-0020
15014978,BUSHING,CLAMP,衬套,35.98,,,TR100A,220-0010
15015249,BUSHING,BUSHING -SPLIT,ࢌ࠼ 㺢ྍ,39.58,,,TR100A,210-0052
15015251,BUSHING,BUSHING -SPLIT,ሯᔶ㺢ྍ,177.49,Рулевое управление,,TR100A,210-0052 210-0061 220-0010
15015363,BEARING,BEARING,,4799.4,,,TR100A,160-0040
15015767,Палец,PIN BALL,球销,503.82,Рулевое управление,,TR100A,220-0190
15016161,,O RING,“O”形圈,,,,TR100A,180-0030
15016186,BALL-VALVE--,VALVE,球阀,298.21,Гидравлическая система,,TR100A,110-0140 200-0040 230-0040
15017032,AXLESHAFT,G0 SHAFT-AXLE,,30833.92,Задний мост,,TR100A,160-0030
15017033,Основание обода,BAND-SPACER,,1600.09,,,TR100A,160-0050
15017034,WEDGEBAND,WEDGE-BAND,,980.99,,,TR100A,160-0050
15017039,VALVE ROD,EFG;< VALVE ASSY INST,,127.76,Передняя ось,,TR100A,140-0040 160-0050
15017227,,PLATE,,,,,TR100A,200-0010
15019238,BOLT,BOLT,螺栓,72.03,Подвеска,,TR100A,180-0050
15019463,GEAR SET,GEAR-SET,,145920.0,,,TR100A,160-0020
15019476,HOUSING ASSY,CASE,,45859.32,,,TR100A,160-0020
15019492,RETAINER,PLATE-RETAINER CARRIER-PLANTRY,,101.94,,,TR100A,160-0040
15019494,RETAINER,PLATE-RETAINER,,140.31,,,TR100A,160-0040
15019502,BOLT,BOLT,,36.93,,,TR100A,160-0040
15019509,BOLT,BOLT DRILL HEAD,,6.32,,,TR100A,160-0040
15019519,WASHER,WASHER-THRUST,,342.99,,,TR100A,160-0040
15019795,BOLT,BOLT,,336.66,Задний мост,,TR100A,160-0030
15020053,WASHER,WASHER HARDENED,␢⚡෡ാ,8.39,,,TR100A,100-0010
15020161,PIN,ROD,,502.49,,,TR100A,270-0080
15021005,BEARING,BEARING,轴承,45.57,,,TR100A,120-0190
15021101,PLATE,PLATE,,695.57,,,TR100A,160-0050
15021239,PULL ROD,LINK,连杆,2.4,,,TR100A,120-0190
15021622,COVER - BOTTOM,END CAP,,1654.97,Рулевое управление,,TR100A,220-0080
15021796,,BELLCRANK,双臂曲柄,,,,TR100A,220-0190
15023746,CLAMP RIM,CLAMP,,41.97,,,TR100A,160-0050
15024973,,CLAMP,㇗཯,,,,TR100A,210-0052
15025076,（高精度15334540） SCREEN,SCREEN ASSY,滤网总成,279.26,,,TR100A,230-0040
15025751,BOLT,BOLT,,310.61,Тормозная система,,TR100A,165-0020
15025869,COVER-DUST,CAP,防尘帽,13.19,Гидравлическая система,,TR100A,230-0020 230-0021 230-0040
15030007,,ROPS/FOPS ••DECAL ROPS/FOPS,标牌,,,,TR100A,270-0010
15030697,,LOCK WASHER,弹簧垫圈,,,,TR100A,110-0140
15030857,,WASHER,垫圈,,,,TR100A,260-0145 300-0030
15030859,WASHER,LOCKWASHER,弹簧垫圈,0.23,,,TR100A,260-0145
15030885,,NUT,螺母,,,,TR100A,300-0030
15030910,WASHER,PLAIN WASHER,平垫圈,0.09,,,TR100A,260-0110
15030954,NUT,NUT,螺母,1.12,,,TR100A,270-0020
15033281,BLOCK,BAFFER,缓冲垫,31.18,,,TR100A,210-0050
15036003,,PIN-SPLIT,开口销,,,,TR100A,260-0030
15036006,WASHER---,STEP WELD ASSY-LH,弹垫,1.93,,,TR100A,100-0090 190-0320 200-0050 210-0052 220-0010 260-0010
15036009,,RING EYE,吊环,,,,TR100A,260-0010
15036010,,CAP-OIL,油杯,,,,TR100A,260-0030
15036016,WASHER---,WASHER,垫圈,1.93,,,TR100A,300-0030
15036017,,WASHER,垫圈,,,,TR100A,300-0030
15036028,BOLT,BOLT,螺栓,1.2,,,TR100A,260-0110
15036029,WASHER,SPRING WASHER,弹垫,1.93,,,TR100A,100-0070 210-0050 210-0052 210-0061
15036051,WASHER---,WASHER,垫圈,3.86,,,TR100A,210-0050 260-0010 260-0030 260-0110
15036052,,SCREW,螺钉,,,,TR100A,260-0010
15036067,NUT---,NUT,螺母,3.86,,,TR100A,260-0110 300-0030
15036068,SPRING WASHER,WASHER,垫圈,0.18,,,TR100A,250-0020 260-0110 260-0140 300-0030
15036074,WASHER,LOCKWASHER,弹簧垫圈,1.2,,,TR100A,260-0030 260-0040 260-0145
15036082,PLAIN-WASHER--,PLAIN WASHER,平垫圈,1.93,,,TR100A,100-0090 110-0140 270-0020
15036083,WASHER---,WASHER,垫圈,1.93,Метизы,,TR100A,220-0010 270-0020 300-0030
15036084,NUT,NUT,螺母,0.28,,,TR100A,210-0061
15036086,BOLT,BOLT,螺栓,1.2,,,TR100A,260-0145
15036087,NUT---,NUT,螺母,1.93,,,TR100A,190-0080 260-0145
15036112,WASHER,LOCK WASHER,弹垫,0.4,,,TR100A,110-0030
15036121,BOLT,BOLT,㷰ṉ,0.89,,,TR100A,210-0052
15036125,BOLTM6*40,SCREW,螺钉,0.6,,,TR100A,100-0070
15036140,NUT---,NUT,螺母,1.93,Электрооборудование,,TR100A,190-0070
15036142,BOLT,BOLT,㷰ṉ,2.04,,,TR100A,210-0052
15036143,WASHER,WASHER,垫圈,0.53,,,TR100A,190-0070
15036176,BOLT---,BOLT,螺栓,1.93,,,TR100A,190-0320 260-0010
15036177,NUT---,NUT,螺母,1.93,,,TR100A,100-0070 100-0090 190-0320
15036178,,BOLT,螺栓,,,,TR100A,110-0140
15036184,NUT,NUT,螺母,1.2,,,TR100A,100-0070
15036201,PLAIN-WASHER--,WASHER,垫圈,3.86,,,TR100A,190-0070 260-0011
15036212,SPRING WASHER,PLAIN WASHER,垫圈,0.08,,,TR100A,260-0140
15036215,,FLATWASHER,垫圈,,,,TR100A,190-0080 300-0030
15036216,WASHER---,WASHER,垫圈,1.75,,,TR100A,260-0030 260-0040 260-0145
15036226,,BOLT,螺栓,,,,TR100A,220-0010
15036229,BOLT,BOLT,,0.44,,,TR100A,200-0050
15036240,,NUT,螺母,,,,TR100A,300-0030
15036241,WASHER,WASHER,垫圈,1.75,,,TR100A,300-0030
15036242,WASHER---,WASHER,垫圈,1.75,,,TR100A,300-0030
15036245,BOLT---,BOLT,螺栓,3.59,,,TR100A,260-0011 260-0030 260-0040
15036279,BOLT---,BOLT,六角头螺栓,1.75,,,TR100A,300-0030
15036280,SCREW,SCREW,螺钉,2.17,,,TR100A,260-0030 260-0040
15036281,WASHER---,PLAIN WASHER,平垫,3.47,,,TR100A,100-0090 190-0320
15036284,,SCREW,螺栓,,,,TR100A,190-0080
15036285,NUT---,NUT,螺母,1.93,,,TR100A,260-0011 260-0030 300-0030
15036321,BOLTM12*35,BOLT,螺栓,2.17,,,TR100A,100-0070 210-0050
15036338,BOLT---,BOLT,螺栓,3.47,,,TR100A,100-0090
15036339,,BOLT,螺栓,,,,TR100A,260-0145
15036344,PLAIN-WASHER--,WASHER,垫圈,1.93,,,TR100A,260-0011
15036361,BOLT,BOLT,螺栓,1.02,,,TR100A,100-0090
15036402,BOLT,BOLT,螺栓,0.48,,,TR100A,100-0090
15036468,,WASHER,ᕩෛ,,,,TR100A,200-0010
15036516,,BOLT,螺钉,,,,TR100A,300-0030
15036572,BOLT,BOLT,螺栓,0.5,,,TR100A,300-0030
15036689,INNER-HEX-BOLT-,SCREW,螺钉,3.86,,,TR100A,260-0140 300-0030
15036694,,CONNECTOR,接头,,,,TR100A,300-0100
15036853,BOLT,BOLT,㷪ṃ,17.37,,,TR100A,200-0010
15036870,Large washer,WASHER,平垫圈,0.91,,,TR100A,100-0070 210-0052
15036907,SPRING WASHER,PLAIN WASHER,平垫,0.12,,,TR100A,100-0070
15036912,BOLTGB5782-86 M24*90 10.9Grade,BOLT,㷪ṃ,43.17,,,TR100A,200-0010
15036922,,WASHER,෡ാ,,,,TR100A,210-0052
15036956,PLUS DISK SCREW,SCREW,螺钉,0.25,,,TR100A,260-0011 260-0030 260-0040
15036996,,NUT,螺母,,,,TR100A,110-0030
15037076,,NUT,㷪⇽,,,,TR100A,200-0010
15037124,COTTER PIN,PLAIN WASHER,平垫圈,0.78,,,TR100A,260-0010 300-0015
15037135,BOLT M3*45,NUT,螺母,1.77,,,TR100A,260-0010 260-0030
15037136,Decorative cap,CAP-NUT A. NOTES：A SUB-PART OF CAB ASSEMBLY,装饰帽,1.77,,,TR100A,260-0030
15037274,,NUT,螺母,,,,TR100A,250-0020
15037335,,BOLT,螺栓,1.63,,,TR100A,270-0020
15037366,,BOLT,六角头螺栓,,,,TR100A,220-0010
15037489,BOLT,BOLT,螺栓,16.29,,,TR100A,110-0030
15037491,BOLT---,BOLT,螺栓,20.78,,,TR100A,110-0030
15037496,,SCREW,螺钉,,,,TR100A,250-0020 300-0030
15037503,BOLT,BOLT,螺栓,5.44,,,TR100A,110-0030
15037518,SCREW,SCREW,螺钉,1.77,,,TR100A,260-0030 260-0040
15037587,U-BOLT-,U U-BOLT,型卡子,13.86,,,TR100A,100-0070
15037589,,BOLT,螺钉,,,,TR100A,300-0030
15037625,,WASHER,垫圈,,,,TR100A,260-0011 260-0030 260-0040
15037626,,SCREW,螺钉,,,,TR100A,260-0040
15037627,,NUT,螺母,,,,TR100A,260-0011
15037659,,SCREW,螺钉,,,,TR100A,260-0030
15037759,,SCREW,螺钉,,,,TR100A,260-0110
15040630,,BALL BEARING,,,,,TR100A,220-0120
15040631,BALL BEARING,BUSHIING,衬套,574.44,Подвеска,,TR100A,160-0030 180-0050
15042319,SUN BLIND,SUN BLIND,遮阳帘,768.72,,,TR100A,260-0010
15042331,,PIN,合页轴,,,,TR100A,260-0030
15042519,SCREENWIPER,WIPER BLADE,雨刷片,72.88,Кабина,,TR100A,260-0010
15047524,Реле давления,SWITCH-PRESSURE SWITCH-LEVEL,空滤阻塞开关,60.45,,,TR100A,190-0270
15226758,"BRACKET 5.39""*0.62""",BRACKET,支架,10.79,,,TR100A,200-0040
15227019,HOIST CYLINDER,HOISTCYLINDERASSY,,47130.53,,,TR100A,230-0130
15227029,SETTING SCREW,SCREW,,42.68,,,TR100A,230-0130
15227030,,WIPER,,,,,TR100A,230-0130
15227031,,WEARING RING,,,,,TR100A,230-0130
15227032,,SEAL,,,,,TR100A,230-0130
15227146,TUBE ASM,TUBE ASSY,,17347.15,,,TR100A,230-0130
15227354,PLATE,BRACKET,支架,29.98,,,TR100A,210-0061
15228120,SPACER,SHIM,,68.36,,,TR100A,270-0080
15228478,WASHER,WASHER HARDENED,,114.98,Задний мост,,TR100A,160-0030
15228479,BUSHING,CLIP SPLIT,,233.77,Задний мост,,TR100A,160-0030
15228480,PIN TAPER,PIN TAPERED,,3016.11,Задний мост,,TR100A,160-0030
15228481,RING,WASHER,,284.22,Задний мост,,TR100A,160-0030
15228596,GEAR RING,RING-GEAR,,54785.34,,,TR100A,160-0040
15228998,,ROD END,杆端,,,,TR100A,220-0190
15228999,Наконечник,ROD END,杆端,5135.59,,,TR100A,220-0190
15229005,Наконечник рулевой тяги,ROD END ASSY,杆端总成,2386.13,Рулевое управление,,TR100A,220-0190
15229006,,ROD END ASSY,杆端总成,,,,TR100A,220-0190
15229157,,PLUG,塞子,,,,TR100A,260-0080
15229951,BOLT,BOLT,,264.09,Задний мост,,TR100A,160-0030
15230178,PLUG-OIL LEVEL,WINDOW NUT,㿶デ㷪⇽,202.18,,,TR100A,100-0270 110-0130 200-0010 210-0040 230-0040
15230188,GUARD,GUARD,,89.94,,,TR100A,220-0060
15230194,TUBE ASSE,TUBE ASSY.,,7913.85,Рулевое управление,,TR100A,220-0080
15230195,ACCUMULATOR,ACCUMULATOR ASSY,,15830.1,Рулевое управление,,TR100A,220-0080
15230265,Втулка,BUSHING,衬套,106.92,Рулевое управление,,TR100A,220-0190
15230577,SNUBBER - PRESSURE,SNUBBER PRESSURE,压力缓冲管,98.34,,,TR100A,260-0140
15230961,VALVE,VALVE BALL,球阀,178.69,,,TR100A,260-0140
15231390,ROD END,END ASSY,,6471.15,,,TR100A,230-0130
15231422,WASHER,WASHER I,,7.2,Тормозная система,,TR100A,165-0030
15231497,PISTON,MACHI,,21639.27,Тормозная система,,TR100A,165-0030
15232015,WATER FILL ASSY,FILLER NECK,,717.15,,,TR100A,210-0040
15232053,,SEAL-T,,,,,TR100A,230-0130
15232056,TUBE,TUBE,,1541.04,,,TR100A,230-0130
15232218,TUBE ASSY,TUBE ASSY,管总成,843.07,,,TR100A,270-0010
15232468,CABLE,CABLE A SSY,电缆总成,341.45,,,TR100A,190-0070
15232597,TUBE ASSY,TUBE ASSY,,10607.37,,,TR100A,230-0130
15232703,PLATE,BRACKET,,33.58,,,TR100A,230-0070
15232705,,CARTRIDGE-CHECK,,,,,TR100A,230-0110
15232706,VALVE-RELIEF,CARTRIDGE-RELIEF,,1933.19,,,TR100A,230-0110
15232707,MULTIPLE UNIT VALVE,MANIFOLD-HOIST,,7666.51,,,TR100A,230-0110
15232937,WASHER TH,PLATE-THRUST,,139.0,,,TR100A,160-0040
15233266,PIN PLANE,PIN-PLANETARY,,513.02,,,TR100A,160-0040
15233267,PIN PLANE,PIN-PLANETARY,,639.38,,,TR100A,160-0040
15233268,PLATE-COVER,COVER CARRIER,,22087.79,,,TR100A,160-0040
15233269,RETAINER,PLATE-RETAINER,,64.76,,,TR100A,160-0040
15233271,COVER,COVER -PLANETARY,,6252.89,,,TR100A,160-0040
15233274,RETAINER,PLATE-RETAINER,,63.56,,,TR100A,160-0040
15233275,SEAL HSG,SEAL HOUSING,,9637.17,Тормозная система,,TR100A,165-0030
15233291,,SEAL RING,密封圈,,,,TR100A,180-0030
15233302,WHEEL HUB,WHEEL,,62822.4,,,TR100A,160-0050
15233384,CONE-BEARING,CONE-BEARING,,18960.15,,,TR100A,160-0050
15233385,CUP,CUP-BEARING,,6412.12,,,TR100A,160-0050
15233847,Переходник,ADAPTOR,接头,88.62,,,TR100A,250-0020
15233866,Переходник,ADAPTOR,接套,43.94,,,TR100A,250-0020
15234328,MANIFOLD,BLOCK-MANIFOLD,ཐ䐥ඍ,1172.87,,,TR100A,210-0052
15234727,WASHER,NUT NOTE:：,螺母,11.99,,,TR100A,270-0010
15235606,BUFFER,WASHER-SNUBBING,ෛ⡷,25.18,,,TR100A,120-0010 200-0010
15235607,WASHER-LARGE,WASHER,大垫圈,14.39,,,TR100A,260-0015
15235835,CONE,BEARING-CONE,,6052.55,,,TR100A,160-0020
15235836,CUP,BEARING-CUP,,3316.5,,,TR100A,160-0020
15235837,CUP,BEARING-CUP,,2215.43,,,TR100A,160-0020
15235838,CONE,BEARING-CONE,,1530.87,,,TR100A,160-0020
15236015,WHEEL FRT,WHEEL FRONT,,53452.8,Передняя ось,,TR100A,140-0040
15236504,TUBE ASSY,TUBE ASSY,管总成,297.41,Гидравлическая система,,TR100A,230-0020
15236511,TUBE ASSY,TUBE ASSY,,2338.54,,,TR100A,210-0052
15236524,,SCREW,螺栓,,,,TR100A,190-0080
15236595,TUBE ASM,TUBE ASSY,管总成,1443.9,Гидравлическая система,,TR100A,230-0020
15236596,PLATE,BRACKET,,260.24,,,TR100A,230-0070
15237500,,SEAL RING,油封,,,,TR100A,180-0050
15237514,SHIM 060,SHIM(0.06 IN),,231.46,Тормозная система,,TR100A,165-0020
15237515,SHIM 030,SHIM(0.03 IN),,165.5,Тормозная система,,TR100A,165-0020
15238007,CLAMP-BOD,CLIP,管夹,10.79,,,TR100A,250-0020
15238020,提供15236564 BRACKET ASSY,BRACKET ASSY,支架总成,404.15,,,TR100A,120-0190
15238045,,PLATE ASSY,板总成,,,,TR100A,250-0020
15238322,SPACER,SPACER-THRUST,,74.55,,,TR100A,160-0040
15238323,SPACER,SPACER-BEARING,,173.11,,,TR100A,160-0040
15238327,BEARING,BEARING,,1812.7,,,TR100A,160-0040
15244195,PLATE,PLATE,,19.19,,,TR100A,160-0050
15244531,BOLT,BOLT,螺栓,268.63,Подвеска,,TR100A,180-0030
15244763,CONNECTOR-SPLINE,COUPLING-SPLINED COVER PLUG-,,1732.87,,,TR100A,220-0060
15244830,ELBOW,ELBOW,弯头,358.58,Рулевое управление,,TR100A,220-0010
15244862,PIN,PIN ASSY,安全销,827.48,,,TR100A,270-0010
15244893,,O NUT,型圈端面密封螺母,,,,TR100A,220-0010
15245008,LEVER ASSY,LEVER,杆,64.76,,,TR100A,120-0190
15245036,BOLT HEX 0.62-11 UNC 2A X 3.50 GM300M,BOLT,,21.34,,,TR100A,230-0130
15245133,HOSE ASSY,HOSE ASSY,䖥㇗ᙱᡆ,2072.53,,,TR100A,210-0052
15245134,HOSE ASSY,HOSE ASSY,䖥㇗ᙱᡆ,1677.07,,,TR100A,210-0052
15245135,HOSE ASSY,HOSE ASSY,䖥㇗ᙱᡆ,1694.54,,,TR100A,210-0052
15245136,HOSE ASSY,HOSE ASSY,䖥㇗ᙱᡆ,1753.52,,,TR100A,210-0052
15245290,WASHER,WASHER-THRUST,,164.3,,,TR100A,160-0040
15245374,TUBE ASSY,TUBE ASSY,,2454.86,,,TR100A,210-0052
15245464,THREADING BLOCK,BLOCK-THREADED,螺纹块,3.6,Подвеска,,TR100A,180-0050
15245476,VALVE EXTENSION,@A9:; EXTENTION-VALVE,,100.74,,,TR100A,160-0050
15246055,PLATE ASSY,PLATE ASSY,,1002.57,,,TR100A,120-0110
15246062,WASHER,WASHER-THRUST,,184.49,,,TR100A,160-0040
15246949,BREATHER,BREATHER,呼吸器,128.98,Фильтр,,TR100A,160-0030 230-0041
15247021,BRACKET,BRACKET,支架,14.39,Гидравлическая система,,TR100A,230-0020
15247046,HSG SEAL,HOUSING-SEAL,,9394.92,Тормозная система,,TR100A,165-0030
15247047,SPRG HSG,MACHINE,,27606.74,Тормозная система,,TR100A,165-0030
15247216,SEAL KIT,SEAL ASSEMBLY,,15812.11,Тормозная система,,TR100A,165-0030
15247360,BRAKE DISC,DISC-BRAKE,,10293.16,Тормозная система,,TR100A,165-0020
15247433,O RING,O O-RING,,1459.49,Тормозная система,,TR100A,165-0030
15247882,,PLUG,堵,,,,TR100A,250-0020
15248396,SEAL-CABLE---,SEAL-CABLE,密封套,13.19,,,TR100A,260-0090
15248413,TERMINAL,PIN,端子,2.4,,,TR100A,260-0090
15248418,BOLT HEX,BOLT,,143.91,Тормозная система,,TR100A,165-0020
15248653,VLV BRAKE,TREADLE VALVE,制动阀,22771.36,,,TR100A,250-0020 250-0070
15249532,HOSE ASM,K HOSE ASSY,,149.91,Задний мост,,TR100A,160-0030
15249677,PIN ROLL ASSY,PIN-BODY HINGE,车厢铰接销,1583.01,,,TR100A,270-0010
15249911,DUSTCAP,DUSTCAP GUIDE RING-,,13.19,Тормозная система,,TR100A,165-0030
15250059,Штифт,PIN,销轴,1581.43,Рулевое управление,,TR100A,220-0190
15250497,PIPE ASSY,TUBE ASSY,,794.69,,,TR100A,210-0052
15250869,CONNECTOR-2-PIN--,CONNECTOR,接插件,149.59,,,TR100A,260-0090
15250940,OIL FILTER,FILTER ASSY,滤芯总成,2415.29,,,TR100A,230-0040
15250985,DISC-SPRING,DISC SPRING,㶬ᖘ෡⡽,45.57,,,TR100A,100-0010
15251002,SHIM,SHIM,调隙片,43.43,,,TR100A,270-0010
15251035,COVER- ACCUMULATOR,ACCUM,,6.52,,,TR100A,220-0060
15251102,Пластина,PLATE ASSY,板总成,868.78,,,TR100A,270-0020
15251217,BRACET (PLATE BENT),BRACKET,,53.97,,,TR100A,120-0110
15251475,Клапан,REDUCING VALVE,前制动减压阀,5599.23,,,TR100A,250-0020
15251929,PAD-BODY,SHIM,缓冲垫调隙片1.5mm,115.12,,,TR100A,270-0010
15251930,PAD-BODY,SHIM,缓冲垫调隙片3mm,190.05,,,TR100A,270-0010
15251936,ADAPTER,ADAPTOR,接头,22.79,Гидравлическая система,,TR100A,230-0020 250-0020
15251937,PIPE CONNECTION 1.31 UNF-1.44 ORFS,ADAPTOR,接头,107.93,Рулевое управление,,TR100A,220-0010
15251938,ADAPTOR,ADAPTOR,接头,8.39,,,TR100A,220-0010 230-0020 230-0040 250-0020
15251939,ADAPTER---,ADAPTOR,接头,57.54,,,TR100A,220-0010 250-0020
15251941,,ADAPTOR,接头,,,,TR100A,220-0010
15251944,,ELBOW,弯头,,,,TR100A,250-0020
15251950,TEE,TEE,三通,215.87,Гидравлическая система,,TR100A,230-0020
15251951,TEE,TEE,三通,43.17,Гидравлическая система,,TR100A,120-0190 220-0010 230-0021
15251953,DUST CAP,PIPE CAP,管帽,9.59,Гидравлическая система,,TR100A,230-0040
15251979,JOINT,ADAPTOR,管接头,23.99,,,TR100A,120-0190 250-0020
15251982,JOINT,ADAPTOR,接头,9.59,Гидравлическая система,,TR100A,230-0021 250-0020
15251994,ADAPTOR-BULKHEAD 1.44 ORFS - 1.18 ORFS,ADAPTOR,接头,185.88,Гидравлическая система,,TR100A,230-0020
15252681,ELBOW CONNECTION,ELBOW,弯头,190.68,Рулевое управление,,TR100A,220-0010
15252849,,ADAPTOR,接头,,,,TR100A,250-0020
15252869,TEE,TEE,三通,330.99,,,TR100A,230-0020
15252873,JOINT,ADAPTOR,管接头,68.36,,,TR100A,120-0090
15252902,CONNECTOR---,TEE,三通,627.12,,,TR100A,220-0010 250-0020
15252906,ELBOW CONNECTION,ELBOW,弯头,212.27,Гидравлическая система,,TR100A,230-0020
15252977,TEE,TEE,三通,245.85,Рулевое управление,,TR100A,120-0190 220-0010 250-0020
15252983,ELBOW,ELBOW ADAPTOR,弯头,29.98,Гидравлическая система,,TR100A,120-0090 120-0190 230-0021 250-0020
15253039,PIPE CONNECTION,ADAPTOR-BULKHEAD,护套管接头,20.39,Гидравлическая система,,TR100A,120-0190 230-0021
15253040,JOINT,ADAPTOR,接头,71.96,Рулевое управление,,TR100A,220-0010
15253042,,ADAPTOR,接头,,,,TR100A,250-0020
15253043,,ADAPTOR,接头,,,,TR100A,250-0020
15253055,,ELBOW,弯头,,,,TR100A,250-0020
15253060,ELBOW,ELBOW,弯头,223.06,Гидравлическая система,,TR100A,120-0190
15253061,JOINT,CONNECTOR,接头,70.76,Подвеска,,TR100A,180-0030 250-0020
15253073,TEE,TEE,三通,64.76,Гидравлическая система,,TR100A,230-0021 250-0020
15253079,PLUG,PLUG,螺堵,16.79,Подвеска,,TR100A,180-0030
15253094,,ADAPTOR,接头,,,,TR100A,220-0010
15253098,,NUT,螺母,,,,TR100A,250-0020
15253109,PLASTIC CLAMP,CLIP,管夹,23.99,,,TR100A,250-0020
15253111,PLASTIC CLAMP,CLIP,管夹,17.99,,,TR100A,250-0020
15253121,,ADAPTOR,弯头,,,,TR100A,250-0020
15253128,,TEE,三通,,,,TR100A,250-0020
15253129,ELBOW CONNECTION,ELBOW,弯头,274.63,Гидравлическая система,,TR100A,220-0010 230-0020
15253153,,ADAPTOR,变径接头,,,,TR100A,250-0020
15253156,JOINT,ADAPTOR,接头,135.52,Гидравлическая система,,TR100A,230-0020
15253157,ELBOW,ELBOW-BULKHEAD,弯头,26.38,,,TR100A,120-0190
15253181,,ELBOW,弯头,,,,TR100A,250-0020
15253182,,ELBOW,弯头,,,,TR100A,250-0020
15253217,ADAPTOR,ADAPTOR,,185.88,,,TR100A,120-0110
15253219,ELBOW CONNECTION,ELBOW,弯头,322.6,Рулевое управление,,TR100A,220-0010
15253220,JOINT,ADAPTOR,接头,166.7,Рулевое управление,,TR100A,220-0010
15253239,,ADAPTOR,接头,,,,TR100A,250-0020
15253242,Уголок,ELBOW,弯头,160.05,Гидравлическая система,,TR100A,250-0020
15253248,Клапан гидросчистемы,VALVE,阀,6099.46,,,TR100A,250-0020
15253267,THREADING ROD,BOLT,螺栓,20.39,,,TR100A,190-0070 250-0020
15253268,PLATE-LOCKING,PLATE,板,7.2,,,TR100A,230-0021 250-0020
15253272,PLASTIC CLAMP,CLIP,管夹,23.99,,,TR100A,250-0020
15253339,TEE,TEE,三通,721.95,Рулевое управление,,TR100A,220-0010
15253564,ELBOW,ELBOW,弯头,31.59,,,TR100A,230-0021
15253647,,ELBOW,弯头,,,,TR100A,250-0020
15253868,PIPE CLAMP,CLIP,夹子,23.99,,,TR100A,250-0020
15253869,CONNECTOR,P CLIP-P,夹子,21.48,,,TR100A,250-0020
15253870,CLAMP,CLAMP-PIPE,管夹,19.19,,,TR100A,190-0070 250-0020
15253938,HOSE-AIR CLEANER,CONNECTOR- RUBBER,,167.9,,,TR100A,110-0060
15254320,,BOLT,螺栓,,,,TR100A,250-0020
15254346,,ADAPTOR,接头,,,,TR100A,250-0020
15254412,,STEERING ARM R,右转向臂,,,,TR100A,220-0190
15254413,,STEERING ARM L,左转向臂,,,,TR100A,220-0190
15254568,ADAPTOR,ADAPTOR,接头,169.42,Гидравлическая система,,TR100A,230-0020
15254569,TEE BLOCK,ADAPTOR,接头,185.88,Гидравлическая система,,TR100A,230-0020
15254642,Хомут,CLIP,夹子,302.25,,,TR100A,210-0050
15254646,,ELBOW,弯头,,,,TR100A,250-0020
15254862,BAND-MOUNTING,INSTLLATION,,58.76,,,TR100A,110-0060
15254921,CLAMP 25mm POLYPROPLENE SINGLE HOLE,CLAMP,管夹子总成,15.59,Рулевое управление,,TR100A,220-0010 250-0020
15254929,,ADAPTOR,接头,,,,TR100A,250-0020
15254966,BRACKET,BRACKET,支架,39.1,Рулевое управление,,TR100A,220-0010
15254978,ELBOW - BULKHEAD,ELBOW,弯头,389.76,Рулевое управление,,TR100A,220-0010
15254986,BRACKET,BRACKET,支架,32.58,Рулевое управление,,TR100A,220-0010
15254988,BRACKET,BRACKET,支架,16.29,Рулевое управление,,TR100A,220-0010
15254990,CLAMP,CLIP,管夹,22.79,,,TR100A,250-0020
15254991,BRACKET ASSY,BRACKET,支架,17.99,Рулевое управление,,TR100A,220-0010
15255212,NIPPLE-DIAGNOSTIC,NIPPLE,测压接头,124.72,,,TR100A,230-0040
15255295,HOSE ASSY,HOSE ASSY,,680.92,,,TR100A,120-0110
15255318,HOSE ASSY,HOSE ASSY,,676.58,,,TR100A,120-0110
15255345,,HOSE ASSY,软管总成,,,,TR100A,220-0010
15255422,,FILTER,软管总成,,,,TR100A,230-0041
15255431,A-FRAME ASSY,A EF A-FRAME ASSEMBLY,,83281.92,Задний мост,,TR100A,160-0030
15255442,ELBOW,ELBOW,弯头,40.77,Гидравлическая система,,TR100A,120-0190 230-0020 230-0021 250-0020
15255483,TUBE ASSY,TUBE ASSY,管总成,107.93,Гидравлическая система,,TR100A,230-0020
15255584,BRACET,BRACKET,电磁阀支架,11.99,,,TR100A,120-0190
15255611,REDUCER,ADAPTOR,变径接头,261.44,Рулевое управление,,TR100A,220-0010
15255616,PRESSURE CHECK DECAL,DECAL-PRESSURE TEST,压力测试贴片,10.79,,,TR100A,290-0010
15255885,DECAL-HAND LAMP,DECAL HAND LAMP,手灯贴片,1.2,,,TR100A,290-0010
15255890,,ELBOW,弯头,,,,TR100A,220-0010
15255961,VALVE STR,VALVE ASSY-STEERING,转向阀总成,17432.3,Рулевое управление,,TR100A,220-0090 220-0230
15256094,EARTH,CABLE A SSY,电缆总成,124.72,Электрооборудование,,TR100A,190-0070
15256096,HARNESS,CABLE A SSY,电缆总成,120.04,,,TR100A,190-0070
15256097,HARNESS-BATTERY,CABLE A SSY,电缆总成,86.35,,,TR100A,190-0070
15256201,DISC DRIVE WHEEL,DISC DRIVER,,44251.08,Тормозная система,,TR100A,165-0030
15256374,,ADAPTOR,接头,,,,TR100A,250-0020
15256375,,ADAPTOR,接头,,,,TR100A,250-0020
15256376,,ADAPTOR,接头,,,,TR100A,250-0020
15256377,,ADAPTOR,接头,,,,TR100A,250-0020
15256378,,TEE,三通,,,,TR100A,250-0020
15256379,,ELBOW,弯头,,,,TR100A,250-0020
15256400,Трубка в сборе,TUBE ASSY,钢管总成,60.81,,,TR100A,250-0020
15256401,Трубка в сборе,TUBE ASSY,钢管总成,82.62,,,TR100A,250-0020
15256431,CLEANER,KIT-WASHER BOTTLE,,442.26,,,TR100A,260-0190
15256538,TEE,TEE,三通,56.36,Гидравлическая система,,TR100A,230-0021 250-0020
15256550,PLATE-BENT,PLATE-BENT,弯板,7.58,Гидравлическая система,,TR100A,230-0020
15256589,ELBOW CONNECTION,ELBOW,弯头,37.91,,,TR100A,230-0021 250-0020
15256601,,L L BRACKET,支架,,,,TR100A,250-0020
15256639,JOINT,ADAPTOR,接头,80.35,Гидравлическая система,,TR100A,230-0021
15256731,BOLT,BOLT,六角头螺栓,8.85,,,TR100A,220-0010
15256755,,ADAPTOR,接头,,,,TR100A,250-0020
15256760,,ELBOW,弯头,,,,TR100A,250-0020
15256858,,'DOOR ASSY,,,,,TR100A,100-0040
15256924,BOLT,SCREW,螺钉,16.29,Гидравлическая система,,TR100A,230-0021
15256949,,BREATHER,લ੮ಞ,,,,TR100A,200-0010
15257078,,BRACKET,装载制动阀支架,,,,TR100A,250-0020
15257082,,ELBOW,弯头,,,,TR100A,250-0020
15257170,ADAPTOR,ADAPTER,,118.38,,,TR100A,120-0010
15257190,JOINT,MALE-MALE A NOTES: A ADD SINGLE DROP OF LOCTITE TO MID-POINT OF THREADS ON SCREW (ITEM,管接头,506.08,,,TR100A,120-0090
15257356,CLIP - TUBE,CLIP,管夹子,27.58,,,TR100A,250-0020
15257357,,BLATE,顶板,,,,TR100A,250-0020
15257358,THREADING ROD,BOLT,螺栓,4.06,,,TR100A,230-0021
15257449,,LOCTITE CLEANER AND RETAINING COMPOUND.,,,,,TR100A,165-0030
15257770,KEYSWITCH,KEY SWITCH,钥匙开关,524.07,Кабина,,TR100A,260-0080
15258036,ELBOW,ELBOW,,375.37,,,TR100A,120-0110
15258038,RING,D SEAL D-RING,,1192.97,Тормозная система,,TR100A,165-0030
15258051,RING,D SEAL D-RING,,2012.34,Тормозная система,,TR100A,165-0030
15258053,"Прокладка типа ""О""",O SEAL O-RING,,725.4,Тормозная система,,TR100A,165-0030
15258054,O RING,O SEAL O-RING,,45.57,Тормозная система,,TR100A,165-0030
15258075,TUBE ASSY 2.50 S/FLANGE,TUBE ASSY,管总成,365.18,Гидравлическая система,,TR100A,210-0052 230-0020
15258243,,ADAPTER,接头,,,,TR100A,200-0040
15258443,SOLENOID VALVE,ISOLATOR RELAY,绝缘器继电器,2518.43,Электрооборудование,,TR100A,190-0070
15258472,PLASTIC CLAMP,CLAMP,管夹,55.17,,,TR100A,230-0021
15258771,P-CLAMP,CLIP,夹子,6.0,,,TR100A,210-0061
15258867,,CLIP,鞍型卡子,,,,TR100A,210-0050
15259155,VALVE,VALVE,,11892.94,,,TR100A,250-0130
15259165,SWITCH ASST,SWITCH-ASSY,开关总成,940.26,,,TR100A,190-0270
15265278,SEAL KIT,OVERHAUL KIT.,,4128.42,,,TR100A,230-0130
15266825,PAD SET,KIT-LINING,,1367.15,Тормозная система,,TR100A,165-0020
15267039,CHECK PLATE,PLATE-THRUST,,820.08,Тормозная система,,TR100A,165-0020
15267601,,SEAT-SPRING,,,,,TR100A,250-0130
15268372,SPRING KIT,KIT-SPRING,,2509.95,,,TR100A,250-0070
15268373,SEAL KIT,KIT-SEAL,,489.29,,,TR100A,250-0070
15268374,BOOT KIT,KIT-BOOT,,261.44,,,TR100A,250-0070
15268375,SPOOL,KIT-SPOOL,,21938.04,,,TR100A,250-0070
15268376,,COLLAR,,,,,TR100A,250-0070 250-0130
15268377,,PLUNGER,,,,,TR100A,250-0070
15268382,,SPRING-SEAT,,,,,TR100A,250-0070
15268392,,SCREW,,,,,TR100A,250-0070
15268395,,SCREW,,,,,TR100A,250-0070
15268396,,NUT,,,,,TR100A,250-0070
15268397,,BOLT-U,,,,,TR100A,250-0070
15268398,,SCREW,,,,,TR100A,250-0130
15268399,,NUT,,,,,TR100A,250-0070 250-0130
15268400,,SCRWE,,,,,TR100A,250-0070
15268402,,INSERT,,,,,TR100A,250-0070
15268403,,PIN,,,,,TR100A,250-0070
15268404,,SPRING,,,,,TR100A,250-0070
15268405,,SPRING,,,,,TR100A,250-0070
15268408,,SCREW,,,,,TR100A,250-0070
15268409,,PLATE,,,,,TR100A,250-0070
15268410,,SCREW,,,,,TR100A,250-0070
15268412,,INSERT,,,,,TR100A,250-0070
15268414,,SCREW,,,,,TR100A,250-0070
15268415,,SCREW,,,,,TR100A,250-0070
15268416,SPRING KIT,KIT-SPRING,,2783.14,,,TR100A,250-0130
15268417,SEAL KIT,KIT-SEAL,,826.28,,,TR100A,250-0130
15268418,SPOOL KIT,KIT-SPOOL/SLEEVE,,4373.52,,,TR100A,250-0130
15268419,,PLUNGER,,,,,TR100A,250-0130
15268429,,WASHER,,,,,TR100A,250-0130
15268430,,SCREW,,,,,TR100A,250-0130
15268432,,CAP,,,,,TR100A,250-0130
15268433,,CAM,,,,,TR100A,250-0130
15268435,,PLUG,,,,,TR100A,250-0130
15268436,,NUT,,,,,TR100A,250-0130
15268437,,SCREW,,,,,TR100A,250-0130
15268438,,SPRING,,,,,TR100A,250-0130
15268439,,PUCK-FRIC,,,,,TR100A,250-0130
15268440,,SCREW,,,,,TR100A,250-0130
15268444,,KNOB,,,,,TR100A,250-0130
15268660,,PLATE ASSY,,,,,TR100A,250-0070
15268675,,RUBBER COVER,上胶套,,,,TR100A,210-0020
15268676,,RUBBER COVER,下胶套,,,,TR100A,210-0020
15269876,SEAL KIT,,,261.44,,,TR100A,250-0110
15269878,Комплект уплотнений перепускного клапана низкого давления (3 шт),NOTE: A#15269876 SEAL KIT PRESSURE REDUCING VALVE B#15269877 SEAL KIT SHUTTLE VALVE,,168.32,,,TR100A,250-0100
15269952,SEAL KIT,NOTES: 15269876!SEAL KIT-PRESSURE REDUCING VALVE,,167.9,,,TR100A,250-0110
15270188,AIR FILTER (AF25454),FIRST FILTER,,415.05,Фильтр,,TR100A,110-0050
15270189,SECONDARY FILTER,FINE FILTER,,266.48,Фильтр,,TR100A,110-0050
15270190,END CAP,CAP ASSY,,519.28,,,TR100A,110-0050
15270191,,LOCK,,,,,TR100A,110-0050
15270192,VALVE VACUATOR,VACUUM VALVE,,41.97,,,TR100A,110-0050
15270794,SPOOL,FILTER,滤芯,162.09,Фильтр,,TR100A,260-0130
15270808,STEERING CONTROL VALVE SEAL KIT 15502896,KIT-SEAL,密封组件,946.21,Рулевое управление,,TR100A,220-0090
15271389,SEAL KIT,KIT-SEAL,,2444.07,Тормозная система,,TR100A,165-0020
15271476,UNIVERSAL JOINT ASS,U-JOINT ASSY,,16485.39,,,TR100A,130-0020
15271477,BOLT/NUT SET,BOLT/NUT,,159.5,,,TR100A,130-0020
15271481,WASH MOTOR-WINDSHIELD,24V PUMP-24V,,338.83,,,TR100A,260-0190
15271482,,RING SEAL,,,,,TR100A,260-0190
15271804,,CAP WSHERBOTTLE,,,,,TR100A,260-0190
15272027,BUSHING,GUIDE BUSH ASSY,,2510.08,,,TR100A,230-0081
15272028,SEAL KIT,SEAL KIT,,399.86,,,TR100A,230-0081
15272073,,SUPPORT,支撑杆,,,,TR100A,260-0011
15272074,Control tower cover plate,COVER,盖板,2920.17,,,TR100A,260-0011
15272075,Control tower cover plate locking,LATCH,卡锁,278.23,,,TR100A,260-0011
15272076,,ROD,杆,,,,TR100A,260-0011
15272380,,CAP-PLATE,,,,,TR100A,165-0020
15272694,SEAL KIT,UNITS-SEAL,,2220.97,,,TR100A,230-0060
15272734,,O O-RING,,,,,TR100A,165-0030
15272865,CROSS AXLE,U-JOINT ASSY,,6773.06,,,TR100A,130-0010
15272875,KIT-STEM & COIL,KIT-STEM COIL,线圈散件,2116.6,,,TR100A,120-0190
15272881,,P I N T H I,,,,,TR100A,250-0130
15274258,SPOOL-SOLENOID,CAPTRIDGE-SOLENOID,,2048.72,,,TR100A,250-0050
15274259,COIL-SOLENOID,COIL-SOLENOID,,998.52,,,TR100A,250-0050
15274260,KIT-MAINTENANCE,NOTE,,247.61,,,TR100A,250-0050
15274261,Обратный гидравлический клапан в сборе,KIT-CHECK VALVE,,325.48,,,TR100A,250-0050
15274411,,CARTRIDGE STEM,,,,,TR100A,250-0151
15274412,electromagnet,COIL,,811.31,,,TR100A,250-0151
15274413,,ATTACHMENT,,,,,TR100A,250-0151
15274414,SEAL KIT-PARKING BRAKE,NOTE:,,1283.84,,,TR100A,250-0151
15275135,,SPACER-PLASTIC,隔套,,,,TR100A,260-0011
15300082,PRESSURE SWITCH,SWITCH-PRESSURE,压力开关,862.26,,,TR100A,190-0270
15300083,PRESSURE SWITCH,SWITCH-PRESSURE,压力开关,998.98,,,TR100A,190-0270
15300084,PRESSURE SWITCH,SWITCH-PRESSURE,压力开关,853.63,,,TR100A,190-0270
15300086,PRESSURE SWITCH,SWITCH-PRESSURE SWITCH-LEVEL,压力开关,610.4,,,TR100A,190-0270
15300087,SWITCH-TEMPERATURE,URE SENDER-FUEL,温度开关,624.81,,,TR100A,190-0270
15300088,PRESSURE SWITCH,SWITCH-PRESSURE,压力开关,715.95,,,TR100A,190-0270
15300089,SWITCH-TEMPERATURE,URE,温度开关,552.85,,,TR100A,190-0270
15300389,FRONT BRAKE,BRAKE HEAD ASSY,,18765.04,Тормозная система,,TR100A,165-0020
15300423,PLATE,PLATE,搭板,16.79,,,TR100A,120-0190
15300425,,PLANT-BENT,弯板,,,,TR100A,250-0020
15300537,FOOTREST,FOOTREST,歇脚板,160.48,,,TR100A,260-0015
15300538,BRACET,BRACKET,支架,16.79,,,TR100A,120-0190
15300580,CARRIER-FRONT,CARRIER-FRONT,,4314.9,Тормозная система,,TR100A,165-0020
15300585,,BRACKET,支架,,,,TR100A,250-0020
15300586,,BRACKET,支架,,,,TR100A,250-0020
15300602,Колено,ELBOW,弯头,154.52,,,TR100A,250-0020
15300658,Выключатель аварийная остановка,SWITCH,开关,204.49,,,TR100A,260-0080
15300696,"ELBOW-45 DEGREE - .56""ORFS x .25""BSPP",ELBOW,弯头,266.23,Гидравлическая система,,TR100A,230-0021
15300825,,PLATE,板,,,,TR100A,250-0020
15300852,YOKE - TRANS INPUT,FLANGE-INPUT FLANGE-TRANS,输入法兰,6882.93,,,TR100A,120-0020
15300968,,ADAPTOR,接头,,,,TR100A,250-0020
15301024,DECAL-BODY SUPPORT,DECAL–BODY SUPPORT,车箱支撑贴片,22.79,,,TR100A,290-0010
15301033,,PLATE,踏板总成,,,,TR100A,250-0020
15301135,BOLT,SCREW,螺钉,0.75,,,TR100A,260-0015
15301158,HOOD,COVER,护罩,145.11,Гидравлическая система,,TR100A,230-0021
15301277,,BRACKET,支架,,,,TR100A,250-0020
15301278,,BRACKET,支架,,,,TR100A,250-0020
15301289,PEDESTAL-ASSY--,SEAT BASE,座椅基座,509.68,,,TR100A,260-0090
15301344,ELBOW,ELBOW,弯头,152.3,Гидравлическая система,,TR100A,230-0021
15301346,CONTROL VALVE-HYDRAULIC,HOIST HANDLE,举升手柄,7657.55,,,TR100A,230-0021 230-0081
15301423,RUBBER STRIP,RUBBER STRIP,橡胶板,35.98,,,TR100A,270-0010
15301424,PLATE,PLATE,板,6.52,,,TR100A,270-0010
15301565,BRACKET ASSY,BRACKET ASSY,,119.93,,,TR100A,260-0190
15301699,LOAD BREAK SWITCH,SWITCH,开关,271.98,Электрооборудование,,TR100A,260-0080
15301727,NIPPLE， DIAGNOSTIC.,ADAPTOR,接头,111.53,,,TR100A,230-0020 230-0021
15301759,,CAB GUARD ASSY,驾驶室护板总成,,,,TR100A,270-0010
15301830,TUBE ASSEMBLY,TUBE ASSY,管总成,298.61,,,TR100A,210-0061
15301850,MOUT-ENG  ISOLATION,PAD-BODY,车厢缓冲垫,268.44,,,TR100A,270-0010
15302125,PISTON,PARKING PISTON,,7195.5,Тормозная система,,TR100A,165-0030
15302126,DISC BRAKE HOUSING,DISC HOUSING,,16538.0,Тормозная система,,TR100A,165-0030
15302161,SHIM - 10mm,SHIM,缓冲垫调隙片10mm,621.21,,,TR100A,270-0010
15302218,SPINDLE ASSY-LH,SPINDLE ASSY LH,,49207.3,,,TR100A,140-0040
15302219,SPINDLE ASSEMBLY-RH,SPINDLE ASSY RH,,49207.3,,,TR100A,140-0040
15302340,PLATE,PLATE,板,35.98,,,TR100A,230-0021
15302618,BENT PLATE,BENT PLATE,弯板,61.16,,,TR100A,100-0070
15302663,,MANIFOLD VALVE,多路块,,,,TR100A,250-0020
15302694,PLATE-BENT,BENT PLATE,弯板,71.96,,,TR100A,100-0070
15302743,BODY GUIDE SHIM,SHIIM-BODY GUIDE,车厢导向调隙片6mm,166.7,,,TR100A,270-0010
15302744,BODY GUIDE SHIM,SHIIM-BODY GUIDE,车厢导向调隙片8mm,188.28,,,TR100A,270-0010
15302745,BODY GUIDE SHIM,SHIIM-BODY GUIDE,车厢导向调隙片10mm,226.66,,,TR100A,270-0010
15302746,BODY GUIDE SHIM,SHIIM-BODY GUIDE,车厢导向调隙片12mm,243.45,,,TR100A,270-0010
15302758,SEAL RING,O O-RING,,423.14,Тормозная система,,TR100A,165-0030
15302759,SEAL RING,O O-RING,,329.55,Тормозная система,,TR100A,165-0030
15302793,HEAT PLATE,HEAT SHIELD,隔热板,46.77,,,TR100A,270-0010
15302796,DISC - FRICTION,DISC-FRICTION,,1374.34,Тормозная система,,TR100A,165-0030
15302797,PLATE SPLINED 15000719,PLATE-SPLINED SERVICE PISTON,,369.37,Тормозная система,,TR100A,165-0030
15302798,SHOCK PIECE,ASSEMBLY,,1536.58,Тормозная система,,TR100A,165-0030
15303008,,PLATE CLAMPING,夹板,,,,TR100A,100-0140
15303017,,PLATE CLAMPING,夹板,,,,TR100A,100-0140
15303282,,NUT,螺母,,,,TR100A,230-0020
15303353,STUD,A STUD,,16.43,,,TR100A,160-0020
15303368,Шпилька,UNC 2A X,,43.01,,,TR100A,165-0030
15303607,SEAL KIT,O M N,,13467.62,Тормозная система,,TR100A,165-0030
15303608,Piston seal ring assembly,PISTO,,3792.03,Тормозная система,,TR100A,165-0030
15303609,,@AB PISTON,,,,,TR100A,165-0030
15303610,,ROD,,,,,TR100A,165-0030
15303611,,"@AB GUIDE RING-ROD +,C SEAL ASSEMBLY-",,,,,TR100A,165-0030
15303631,SEAL KIT 15258037,M N,,4937.29,Тормозная система,,TR100A,165-0030
15303749,WASHER HARDENED,WASHER HARDENED,␢⚡෡ാ,7.2,,,TR100A,100-0010
15304321,CHANGE VALVE - SOLENOID VALVE,VALVE-SOLENOID,电磁阀,2109.48,,,TR100A,120-0190
15304908,TRUNNION SUPPORTING BLOCK,SUPPORT BLOCK,㙣䖤᭟᫁ ඇ,250.64,,,TR100A,200-0010
15305445,,(G HIJ) SHOWN IN DRAWING) EF LOCKTITE 518(NOT,,,,,TR100A,160-0020
15305838,SHIM,SHIM,䈳䳉⡷,31.18,,,TR100A,200-0010
15305862,STARTER SOLENOID MAG,SWITCH-MAGNETIC,伏起动电磁阀,1092.35,Электрооборудование,,TR100A,190-0070
15306970,CLAMP PLATE,CLAMP PLATE,ཀྵᶯ,88.74,,,TR100A,200-0010
15306975,BOLT M20 X 250,BOLT,㷰ṉ,23.99,,,TR100A,200-0010
15307373,HALF AXLE ASSY - REAR AXLE,ASSEMBY,,459935.9,Задний мост,,TR100A,160-0030
15307375,LEFT SPINDLE BUSHING ASSY,SPINDLE-LH,,35449.83,,,TR100A,160-0030
15307376,RIGHT SPINDLE BUSHING ASSY,SPINDLE-RH,,35449.83,,,TR100A,160-0030
15307380,BRAKE-REAR DISC,BRAKE ASSEMBLY,,207562.5,Тормозная система,,TR100A,165-0030
15307381,PISOTN ASSY,ASSEMBLY,,49132.03,Тормозная система,,TR100A,165-0030
15307827,BRAKE MANIFOLD VALVE,VALVE,阀,3928.74,,,TR100A,250-0020 250-0050
15309111,,BOLT,螺栓,,,,TR100A,110-0030
15309150,VALVE-PARKING BRAKE,DIRECTION VALVE,方向控制阀,2417.24,,,TR100A,250-0020 250-0151
15309162,FLYWHEEL COUPLING,COUPLING,减振器,77283.99,,,TR100A,110-0030
15310256,WASHER,WASHER-HARDENED,,5.05,Тормозная система,,TR100A,165-0030
15310374,JOINT PLATE,PLATE,板,29.98,Гидравлическая система,,TR100A,230-0021
15310396,Датчик температуры масла,URE,温度开关,1281.06,,,TR100A,190-0270
15311299,BUFFER,ISOLATOR,䴷ෛ,194.28,,,TR100A,120-0010 200-0010
15311433,ISOLATION DEVICE,MOUNT ISOLATION,减振垫,161.9,,,TR100A,260-0015
15311566,TUBE ASSY,TUBE ASSY,管总成,316.6,,,TR100A,210-0061
15312480,,GUARD ASSY-RH (OPTIONAL),右护板（选装）,,,,TR100A,270-0010
15315244,FLANGE-CONNECTING,YOKE ASSY,,5664.72,,,TR100A,160-0020
15315331,RING,RING SUPPORT,支撑环,408.84,Allison,,TR100A,180-0030
15315332,SEAL KIT,BRACKET SEAL,密封挡圈,4547.84,Allison,,TR100A,180-0030
15315644,BOLT HEX 0.88-9 UNC 2A X 5.5 GM300M,BOLT,螺栓,70.71,,,TR100A,260-0015
15317368,HORN - HELLA 310Hz,HORN,,107.93,,,TR100A,190-0310
15317372,HORN - HELLA 380Hz,HORN,,107.93,,,TR100A,190-0310
15317485,Прокладка,SEAL,油封,255.53,,,TR100A,220-0190
15317486,Прокладка,SEAL,油封,316.85,,,TR100A,220-0190
15317490,TUBE ASSY,TUBE ASSY,,458.11,,,TR100A,210-0052
15318455,SCREEN ASSY-RH,SCREEN ASSY RH,右护网,579.24,,,TR100A,210-0020
15318456,SCREEN ASSY LHS,SCREEN ASSY LH,左护网,579.24,,,TR100A,210-0020
15318510,,BRACKET,板,,,,TR100A,120-0010 200-0040
15318511,,BENT PLATE,弯板,,,,TR100A,250-0020
15318995,,PLATE,调隙片,,,,TR100A,250-0020
15319262,CHANGE VALVE,VALVE,阀,8007.43,,,TR100A,250-0020 250-0090
15319639,TUBE CLIP,CLAMP,,1.83,,,TR100A,210-0040
15320619,FLANGE-OUTPUT,OUTPUT,输出法兰,18136.02,,,TR100A,120-0020
15323376,PIPE CLAMP,CLAMP,密封卡子,187.01,,,TR100A,270-0020
15323444,TWO-WAY RELIEF VALVE,STEERING CROSS OVER VALVE,双向卸荷阀,2742.68,,,TR100A,220-0010
15324285,ELEMENT ASSY,FILTER ASSY,,3174.59,,,TR100A,250-0240
15331583,OIL SEAL,SEAL,,387.36,,,TR100A,110-0130
15331584,BEARING,BEARING,,185.75,,,TR100A,110-0130
15331585,GEAR DRIVEN,GEAR DRIVE,,1124.9,,,TR100A,110-0130
15331586,SNAP RING,RING SNAP,,20.22,,,TR100A,110-0130
15331587,SEAL RING,SEAL,,399.35,,,TR100A,110-0130
15331961,NUT,N LOCKNUT,,288.1,,,TR100A,110-0130
15332755,CHANGE VALVE-BRAKE,BRAKE DUMP VALVE,快速释放阀,5078.62,,,TR100A,250-0020 250-0152
15333584,STEERING FILTER ASSY,FILTER ASSY- STEERING,,3156.94,,,TR100A,220-0150
15333986,,LOCTITE518,,,,,TR100A,110-0130 160-0020
15334185,GASKET,WASHER,,127.62,,,TR100A,160-0020
15334410,LOCATING PIN,PIN-DOWEL,,101.94,,,TR100A,160-0020
15334428,BODY CONTROL VALVE,CONTROL VALVE- HOIST,,47272.68,,,TR100A,230-0060
15334450,VALVE,PRESSURE-REDUCING VAVLE ASSY,,55191.72,,,TR100A,230-0060 230-0120
15334451,BODY CONTROL VALVE,CONTROL VALVE-BODY HOIST,,46035.28,,,TR100A,230-0060
15334621,,BOX ADAPTOR ASSY,检测盒与接头总成,,,,TR100A,230-0041
15334785,FIRST SUN GEAR,SUN PINION-FIRST,,6899.26,,,TR100A,160-0040
15334786,GEAR,PINION-SUN,,41525.45,,,TR100A,160-0040
15334787,"Planetary Gear, 1st step",PLANET PINION-FIRST,,,,,TR100A,160-0040
15334788,GEAR,PINION-PLANETARY,,29471.57,,,TR100A,160-0040
15334790,RING GEAR 2ND STAGE,RING-GEAR,,89576.78,,,TR100A,160-0040
15334863,MULTIPLEX SAFETY VALVE,VALVE-ACCUMULATOR,储能器阀,5839.44,Рулевое управление,,TR100A,220-0010
15335654,SPHERICAL BEARING,BUSHING SPHERICAL,,1447.49,,,TR100A,160-0030
15335709,ROD - PISTON,ROD PISTON,活塞杆,30806.33,Подвеска,,TR100A,180-0030
15336167,Фланец муфты,FLANGE,连接法兰,13173.74,,,TR100A,110-0030
15336537,DRIVELINE 10C - FRON,FRONT DRIVE SHAFT,,18020.66,,,TR100A,130-0010
15336539,,COUPLING,联轴器,,,,TR100A,110-0030
15336635,TUBE ASSEMBLY,TUBE ASSY,管总成,183.49,Рулевое управление,,TR100A,220-0010
15336773,HOSE ASSEMBLY,HOSE ASSY,软管总成,476.1,Рулевое управление,,TR100A,220-0010
15337441,Передача главная,DIFFERENTIAL ASSY,,466211.2,Allison,,TR100A,160-0020
15337702,GEAR,CARRIER-RING GEAR,,43499.28,,,TR100A,160-0040
15337703,,M/CD,,,,,TR100A,160-0040
15338630,VALVE ASSY,VALVE,阀总成,3807.62,,,TR100A,230-0040
15339399,SEAL O RING,O O-RING SEAL ASSEMBLY-,,358.55,Тормозная система,,TR100A,165-0030
15344054,,PLATE,板总成,,,,TR100A,250-0020
15344055,,PLATE,护板,,,,TR100A,250-0020
15344760,SEAL KIT,FACE T,,12835.03,Тормозная система,,TR100A,165-0030
15346088,,PLATE,护板,,,,TR100A,250-0020
15351908,Цилиндр замедлителя,CYLINDER-RETARDER,缸体,3537.79,,,TR100A,120-0190
15352327,"STUD 1-8 UNC THREAD x 3.5""",STUD,,17.99,,,TR100A,160-0050
15352330,STUD,STUD,,21.59,Передняя ось,,TR100A,140-0040 160-0050
15352491,,RING WEARING,耐磨环,,,,TR100A,180-0030
15352492,WEARING RING,RING WEARING,导向带,204.7,Подвеска,,TR100A,180-0030
15352493,,RING WEARING,耐磨环,,,,TR100A,180-0030
15352794,FRONT STRUT,RIDE CYLINDER -FRONT,前悬缸总成,85078.39,Подвеска,,TR100A,180-0030
15353299,,WEARING RING,耐磨环,,,,TR100A,180-0050
15354485,,U BOLT-U,型螺栓,,,,TR100A,250-0020
15357548,HARDENED WASHER,WASHER HARDENED,淬火垫圈,8.39,Подвеска,,TR100A,180-0030
153581,,"Screw, Twelve Point Cap · 5/8 - 11 x 2 in.",,,,,QST30,FA5091-03
15358149,Клапан гидросистемы,VALVE,阀,1902.81,,,TR100A,250-0020
15358259,,BRACKET,支架,,,,TR100A,250-0020
15359778,ACCUMULATOR,ACCUMULATOR,储能器,5576.51,,,TR100A,250-0020 250-0060
15361199,Hexagon headed bolt,BOLT,,23.99,,,TR100A,130-0020
15365822,Палец,PIN,销轴,2077.68,,,TR100A,220-0190
15365823,,DISC,圆盘,,,,TR100A,220-0190
15366025,Защитная крышка втулки,COLLARED DISC,盖板,536.61,,,TR100A,220-0190
15367260,O RING,.O .O RING,型圈,2.4,,,TR100A,120-0090
15367416,REDUCING VALVE-PILOT,PILOT VALVE,举升先导阀,2518.43,,,TR100A,230-0021 230-0121
15368879,Transmission shaft bolt,BOLT,,32.96,Allison,,TR100A,130-0010
15369221,,.SCREW,.螺钉,,,,TR100A,120-0090
15370965,COVER PLATE,COVER PLATE,,86.35,,,TR100A,110-0130
15372597,Yoke PTO  15331792,M YOKE PTO,,3476.29,,,TR100A,110-0130
15373310,driver shaft,SHAFT DRIVE,,18948.15,,,TR100A,110-0130
15383324,Engine,ENGINE QST30,发动机QST30,1872000.0,Cummins,,TR100A,110-0030
15384230,ALLISON SHIFT SELECT,SHIFT SELECTOR,换挡选择器,8443.09,Allison,,TR100A,120-0070
15396105,drive line rear,REAR DRIVE SHAFT,,48909.92,,,TR100A,130-0020
15429551,TRANSMISSION CONTROL MODULE; ; TR100CC,TCM,传动箱电脑,7143.55,Allison,,TR100A,120-0070
15429592,TRANSMISSION; ALLISON 86100RS_R CEC 5,TRANS ASSY,传动箱总成,1872000.0,Allison,,TR100A,120-0020
15501360,,CONTROL VALVE,,,,,TR100A,250-0090
15501361,,SOLENOID,,,,,TR100A,250-0090
15501362,,VALVE ASSY,,,,,TR100A,250-0090
15501363,,CAPSCREW,,,,,TR100A,250-0090
15501364,,SUBPLATE A$15501365 NOTE:,,,,,TR100A,250-0090
15501365,,SEAL KIT-DIRECTIONAL COINTROL VALVE,,,,,TR100A,250-0090
15503252,INDICATOR,INDICATOR ASSY,,194.28,,,TR100A,250-0240
15503253,O RING,SEAL-O RING,,29.98,,,TR100A,250-0240
15503254,ELEMENT-BRAKE,ELEMENT ASSY,,590.15,Фильтр,HF35220,TR100A,250-0240
15503531,Клапан гидросистемы,HOUSING-VAVLE,,2109.58,,,TR100A,230-0060
15503568,,O O RING,,,,,TR100A,230-0060
15503601,ELEMENT-STEERING,FILTER ELEMENT,,384.15,Фильтр,,TR100A,220-0150
15503602,indicator,MONITOR,,856.02,,,TR100A,220-0150
15503682,,BACK SUPPORT,背部支撑,,,,TR100A,260-0090
15503685,,SLIDE,滑轨,,,,TR100A,260-0090
15503687,Air conditioning valve,AIR CONTROL VALVE,空气阀,694.81,,,TR100A,260-0090
15503688,Air compressor,COMPRESSOR,压缩机,1342.19,,,TR100A,260-0090
15503689,,BELT,拉带,,,,TR100A,260-0090
15503690,Air shock absorber,ADJ. SHOCK ABSORBER,减振器,1653.58,,,TR100A,260-0090
15503691,,BOOT,防护套,,,,TR100A,260-0090
15503692,,BUMPER,缓冲器,,,,TR100A,260-0090
15503693,,KNOB,调节手柄,,,,TR100A,260-0090
15503695,Air spring,AIR SPRING,空气弹簧,337.09,,,TR100A,260-0090
15503779,,CUSSION,软垫,,,,TR100A,260-0090
15503819,SPRING,,,713.55,,,TR100A,120-0190
15504635,Seat harness,HARNESS,线束,131.41,,,TR100A,260-0090
15505066,Air shock absorber,SHOCK ABSORBER,阻尼器,2195.11,,,TR100A,260-0090
15505073,,SUSPENSION ASSY,悬浮总成,,,,TR100A,260-0090
15505076,,HOUSING LOWER,下支架,,,,TR100A,260-0090
159607,,"Spacer, Fan Pilot",,,,,QST30,SP5006
169195,,"Screw, Hexagon Head Cap · 1/2 - 13 x 1 1/4 in.",,,,,QST30,FA5091-03
169834,,Clip,,,,,QST30,CB5003
177269,,"End, Control Rod",,,,,QST30,FA5091-03
184237,,"Gasket, Acc Drive Cover",,,,,QST30,3804938
196057,Valve plate,"Disc, Valve",,988.47,Cummins,,QST30,QST30-126
20002161,PEDAL ASSY,THROTTLE PEDAL,,3139.64,,,TR100A,200-0050
20003046,Линия управления ЦСС,CONTROL LINE,润滑泵控制线,908.7,,,TR100A,300-0020
20005924,,JOINT,᧕ཤ,,,,TR100A,200-0010 230-0041
20011051,ACCUMULATOR,RECEIVER,储液器,396.11,Фильтр,,TR100A,260-0145
20011052,,BRACKET,储液器支架,,,,TR100A,260-0145
20011062,·CLAMP---,CLAMP,夹子,153.43,,,TR100A,260-0130
20011364,,HINGE,合页,,,,TR100A,260-0030
20011442,Вентиляционная решетка,VENT,出风口,200.69,,,TR100A,260-0130
20011445,·CONNECTOR---,CONNECTOR,接头,40.27,,,TR100A,260-0130
20011446,·CONNECTOR---,CONNECTOR,接头,46.02,,,TR100A,260-0130
20011450,·EXPANSION-VALVE--,EXPANSION VALVE,膨胀阀,320.27,Кабина,,TR100A,260-0130
20011454,AIR BLOWER (USE FOR NEW CAB),BLOWER UNIT,风机,1956.13,Кабина,,TR100A,260-0130
20011717,Cab glass pressing plate,COVER RH,右玻璃压板,65.96,,,TR100A,260-0010
20011720,Cab glass pressing plate,COVER LH,左玻璃压板,65.96,,,TR100A,260-0010
20011733,,SWITCH-DOOR,门触点开关,,,,TR100A,260-0010
20011735,SPRINKLE-HOSE,TUBE,喷水软管,21.98,Кабина,,TR100A,260-0010
20011736,TEE,TEE,三通,21.98,,,TR100A,260-0010
20011737,,GROMMET,橡胶圈,,,,TR100A,260-0010
20011738,,GRILLE-SPEAKER,扬声器罩,,,,TR100A,260-0010
20011763,Door stop,RETAINER-DOOR,缓冲块,55.17,,,TR100A,260-0030 260-0040
20011770,,WINDOW GLASS-LH,左门玻璃,,,,TR100A,260-0030
20011989,O-RING-,O O RING,型圈,3.86,,,TR100A,260-0145
20011990,O-RING-,O O RING,型圈,3.86,,,TR100A,260-0145
20011991,O-RING-,O O RING,型圈,5.77,,,TR100A,260-0145
20011992,O-RING-,O O RING,型圈,5.77,,,TR100A,260-0145
20011993,O-RING-,O O RING,型圈,3.86,,,TR100A,260-0145
20011994,"·· PRESSURE
SWITCH",SWITCH-TRINERY,压力开关,197.01,,,TR100A,260-0145
20019310,SPACER SLEEVE,SPACER,䳊ྍ,11.99,,,TR100A,100-0010
20019455,ACCELERATOR PEDAL,PLATE,,71.96,,,TR100A,200-0050
20019462,SHIM,SHIM,,220.66,,,TR100A,270-0080
20019875,CLIP - TUBE,CLAMP,夹子,95.94,,,TR100A,270-0020
20020401,Подогреватель гидробака,OIL HEATER,油液加热器,4321.26,Электрооборудование,,TR100A,230-0210
20020654,,DRY CHEMICAL TANK,干粉罐总成,,,,TR100A,300-0100
20020655,,EXPELLANT GAS CARTRIDGE,氮气瓶总成,,,,TR100A,300-0100
20020657,,V V TYPE NOZZLE,型喷头,,,,TR100A,300-0100
20020660,,SAFETY RELIEF VALVE,安全阀,,,,TR100A,300-0100
20020664,,RESISTOR ASSEMBLY,末端匹配电阻总成,,,,TR100A,300-0100
20020666,,LINEAR DETECTION WIRE,感温线,,,,TR100A,300-0100
20020707,,RIM,,,,,TR100A,140-0040 160-0050
20020708,Кольцо бортовое,BAND BEAD SEAT,,3665.61,,,TR100A,140-0040 160-0050
20020709,Кольцо посадочное,RING BACK-UP,,2444.25,,,TR100A,140-0040 160-0050
20020710,Кольцо стопорное,LOCKRING,,1019.07,,,TR100A,140-0040 160-0050
20020827,,ELBOW CONNECTOR,弯接头,,,,TR100A,300-0100
20020828,,1JN-10-08 CONNECTOR,接头,,,,TR100A,300-0100
20020831,,1JN9-12 CONNECTOR,接头,,,,TR100A,300-0100
20020832,,ELBOW CONNECTOR,弯头,,,,TR100A,300-0100
20020869,,BOX,接线盒,,,,TR100A,190-0030
20021917,SAFETY VALVE,SAFETY VALVE,安全阀,423.34,,,TR100A,300-0020
20021920,OUTER SHELL,BUSHING,套管,9.59,,,TR100A,300-0020
20021921,CORE-STRAIGHT,ADAPTOR,直涨芯,10.79,,,TR100A,300-0020
20021922,CORE-BENT,ADAPTOR,弯涨芯,16.43,,,TR100A,300-0020
20021924,STRAIGHT CONNECTOR,STRAIGHT CONNECTION,直接头,19.19,,,TR100A,300-0020
20021925,ELBOW CONNECTION,ELBOW CONNECTION,弯接头,21.59,,,TR100A,300-0020
20022655,GUARD BOARD ASSY,GUARD-TRANSMISSION,,3564.17,,,TR100A,100-0010
20023049,Передний блок ЦСС,DISTRIBUTOR FRONT（MX-F6/12）,前分配器(MX-F6/12),6072.3,,,TR100A,300-0020
20023050,Задний блок ЦСС,DISTRIBUTOR REAR（Mx-F7/13）,后分配器(MX-F7/13),7179.9,,,TR100A,300-0020
20023199,LINK PLATE,PLATE-MOUNT,连接板,32.38,,,TR100A,260-0145
20023231,,HEATER OF BATTERY,蓄电池加热器,,,,TR100A,190-0081
20023699,RADIATOR DRAW ROD,ROD-RADIATOR,支撑杆,165.5,,,TR100A,210-0020
20023704,VENTING ELBOW CONNECTION-REMOTE WATER TANK,ELBOW,,29.98,,,TR100A,210-0040
20023705,JOINT,ADAPTOR,,9.59,,,TR100A,210-0040
20023708,PRESSURE AIR DUCT,PLENUM CHAMBER,,1900.81,,,TR100A,110-0060
20023709,Left tube,TUBE-LEFT,,121.31,,,TR100A,110-0060
20023710,Right tube,RIGHT TUEB,,290.03,,,TR100A,110-0060
20023717,Support frame assembly,FRONT BRACKET,前支撑架,2084.3,,,TR100A,110-0030
20023728,GASKET,WASHER,垫片,15.59,,,TR100A,110-0030
20023729,GASKET,GASKET,衬垫,56.36,,,TR100A,210-0050
20023846,CLIP-THERMALSLEEVE,CLAMP,卡子,129.52,,,TR100A,270-0020
20023925,REAR VIEW MIRROR-LH,LH REAR MIRROR ASSY,左后视镜总成,438.93,,,TR100A,100-0070
20023926,RIGHT REAR VIEW MIRROR ASSY,RH,右后视镜总成,510.88,,,TR100A,100-0070
20023932,Exhaust connection,EXHAUST ELBOW,排气弯头,173.76,,,TR100A,270-0020
20023933,AIR FILTER ASSY,AIR CLEANER,,2537.53,,,TR100A,110-0050 110-0060
20023934,RESISITANCE INDICATOR,GAUGE-AIR RESTRICT,,91.77,,,TR100A,110-0060
20023969,,BRACKET-COMPRESSOR,压缩机支架,,,,TR100A,260-0145
20023970,,HOSE ASSY,软管总成,,,,TR100A,260-0145
20023971,РВД,HOSE ASSY,软管总成,865.68,,,TR100A,260-0145
20023972,,HOSE ASSY,软管总成,,,,TR100A,260-0145
20023973,,HOSE ASSY,软管总成,,,,TR100A,260-0145
20023974,Приводной ремень компрессора кондиционера,BELT-DRIVE,皮带,67.16,,,TR100A,260-0145
20023977,,KIT-HARDWARE,压缩机安装组件,,,,TR100A,260-0145
20024018,,BRACKET ASSY MIRROR-LH,左后视镜支架总成,,,,TR100A,100-0070
20024019,,BRACKET ASSY MIRROR-LH,右后视镜支架总成,,,,TR100A,100-0070
20024020,REAR-VIEW MIRROR(BIG),MIRROR,后视镜镜体总成,184.68,,,TR100A,100-0070
20024021,MOONWATCH TELESCOPE (SMALL),MIRROR-WIDE ANGLE,广角镜镜体总成,139.11,,,TR100A,100-0070
20024022,Датчик уровня охлаждающей жидкости,FLOAT SWITCH-TEMPERAT,液位开关,154.05,,,TR100A,190-0270
20024403,,CONNECTOR,隔板接头,,,,TR100A,300-0100
20024424,RETAINING PLATE - MUDGUARD,MUD FLAP,挡泥板,578.04,,,TR100A,100-0070
20024489,,BLOCK-RUBBER,橡胶块,,,,TR100A,250-0020
20025416,SHAFT,PVIOT,枢轴,19.19,,,TR100A,260-0145
20025417,ADJUSTING ROD,BRACKET-SUPPORT,调节杆,43.17,,,TR100A,260-0145
20025420,ADJUSTING BOLT,BOLT-SWING,调节螺栓,43.17,,,TR100A,260-0145
20025680,HOSE,HOSE,,37.07,,,TR100A,210-0040
20025696,Radial tire,TYRE,,132096.0,,,TR100A,140-0040 160-0050
20025724,REFLECTOR,REFLECTOR,反光片,9.59,,,TR100A,270-0010
20026148,BRACKET ASSY,BRACKET -LH,,131.92,,,TR100A,100-0040
20026262,,RING,护圈,,,,TR100A,210-0020
20026310,HEAT BAFFLE,HEAT SHIELD,,249.44,,,TR100A,210-0040
20026531,LOCK ASSY - AUXILIARY SEAT,HOLDING LOCK,卡锁,234.67,,,TR100A,260-0110
20027943,TUBE-ASSY--,TUBE ASSY,管总成,262.75,Гидравлическая система,,TR100A,210-0052 230-0020
20028109,MASTER SWITCH,SWITCH,主开关,688.66,Электрооборудование,,TR100A,190-0080
20028831,CONNECTOR - PIEZOMETRIC,JOINT,测压接头,401.26,Гидравлическая система,,TR100A,300-0030
20028837,CLIP - TUBE,CLAMP,㇗཯,94.74,,,TR100A,210-0052
20028878,CLIP - PIPE,CLIP,管夹,143.92,,,TR100A,250-0020
20028879,CLIP---PIPE-,CLAMP,㇗཯ᆆ,283.82,,,TR100A,210-0052
20029650,·ROLLER---,SLEEVE,滚轮,92.05,Кабина,,TR100A,260-0030
20029665,POWER SOCKET,CIGARETTE LIGHTER,手灯插座,64.4,Кабина,,TR100A,260-0080
20029886,LOCK-LH DOOR（2011）,DOOR LOCK-LH,左门门锁,224.26,Кабина,,TR100A,260-0030
20029887,Дверной замок правый,DOOR LOCK-RH,右门锁,374.4,,,TR100A,260-0040
20029890,BACKING PLATE,SEAL-HANDLE,门锁安装垫,24.67,Кабина,,TR100A,260-0030 260-0040
20029891,PLATE - BACKING,SPACE-HANDLE-RH,垫板,107.91,Кабина,,TR100A,260-0030 260-0040
20029892,HANDLE -LOCK,HANDLE-DOOR,门锁手柄,99.74,Кабина,,TR100A,260-0030 260-0040
20030164,DIVERTOR BOX ASSY,FLUE BRANCH TANK,烟道分流箱总成,2239.0,,,TR100A,270-0020
20030192,METAL HOSE,TUBE-FLEXIBLE,柔性管,670.38,,,TR100A,270-0020
20030193,METAL HOSE,TUBE-FLEXIBLE,柔性管,780.71,,,TR100A,270-0020
20031240,PTO lock washer,LOCKWAHSER,,392.15,,,TR100A,110-0130
20031746,MOTOR-SCREENWIPER,WIPER MOTOR,雨刷电机,383.91,Кабина,,TR100A,260-0010
20032108,PEDAL ASSY,STEP ASSY,踏板总成,81.55,,,TR100A,100-0090
20034367,FUEL LEVEL SENSOR,LEVLE,燃油液位传感器,185.26,,,TR100A,190-0270
20035358,FUEL WELDING ASSY,FUEL TANK,,14414.03,Cummins,,TR100A,200-0010
20035374,RIGHT MUD GUARD,MUD FLAP,挡泥板,598.43,,,TR100A,100-0070
20036188,,FIXATION,隔音片压板,,,,TR100A,260-0010
20036190,,FIXATION,隔音片压板,,,,TR100A,260-0010
20036200,Glass,WINDSCREEN,前风挡玻璃,1947.58,Кабина,,TR100A,260-0010
20036201,Left glass,GLASS-SIDE LH,左侧玻璃,779.51,Кабина,,TR100A,260-0010
20036202,Right glass,GLASS-SIDE RH,右侧玻璃,779.51,Кабина,,TR100A,260-0010
20036231,,DIAGN INC/DEC SWITCH,故障增减开关,,,,TR100A,260-0080
20036234,RETARD-SWITCH--,LENS-50%BRAKR,50%前制动灯罩,44.11,Кабина,,TR100A,260-0080
20036235,TEST SWITCH,SWITCH,检测开关,43.59,Электрооборудование,,TR100A,300-0030
20036272,SHADE – LADDER LIGHT,LENS-LADDER,梯灯灯罩,9.54,Кабина,,TR100A,260-0080
20036298,,RUBBER RING,橡胶垫圈,,,,TR100A,100-0090
20036333,,BRACKET,支架总成,,,,TR100A,230-0041
20036337,,BRACKET,支架总成,,,,TR100A,230-0041
20036338,HYDRAULIC TANK - WELDING,HYDRAULIC TANK ASSY,焊接液压油箱,15806.79,Allison,,TR100A,230-0040
20036512,MOTOR - RISER,MOTOR,升降器电机,541.06,Кабина,,TR100A,260-0030
20036535,HOSE,HOSE,,712.35,,,TR100A,120-0010
20036924,STEEL PIPE ASSY,TUBE ASSY,钢管总成,98.56,Рулевое управление,,TR100A,220-0010
20036925,STEEL PIPE ASSY,TUBE ASSY,钢管总成,96.03,Рулевое управление,,TR100A,220-0010
20036926,STEEL PIPE ASSY,TUBE ASSY,钢管总成,156.69,Рулевое управление,,TR100A,220-0010
20036927,,TUBE ASSY,钢管总成,,,,TR100A,220-0010
20036928,,TUBE HOSE,钢管总成,,,,TR100A,250-0020
20036929,,TUBE HOSE,钢管总成,,,,TR100A,250-0020
20036930,,TUBE HOSE,钢管总成,,,,TR100A,250-0020
20036931,,TUBE HOSE,钢管总成,,,,TR100A,250-0020
20036932,,TUBE HOSE,钢管总成,,,,TR100A,250-0020
20036933,,TUBE HOSE,钢管总成,,,,TR100A,250-0020
20036934,,TUBE ASSY,钢管总成,,,,TR100A,250-0020
20036935,STEEL PIPE ASSY,HOSE ASSY,钢管总成,25.27,,,TR100A,120-0190
20036936,,TUBE HOSE,钢管总成,,,,TR100A,250-0020
20036937,,TUBE HOSE,钢管总成,,,,TR100A,250-0020
20036938,,TUBE HOSE,钢管总成,,,,TR100A,250-0020
20036939,,TUBE HOSE,钢管总成,,,,TR100A,250-0020
20036940,,TUBE HOSE,钢管总成,,,,TR100A,250-0020
20036941,,TUBE HOSE,钢管总成,,,,TR100A,250-0020
20036973,BRACKET ASSY,BRACKET ASSY,支架总成,43.17,Рулевое управление,,TR100A,220-0010
20036977,STEEL PIPE ASSY,TUBE ASSY,钢管总成,135.52,Гидравлическая система,,TR100A,230-0020
20036979,Трубка,TUBE HOSE,钢管总成,911.66,,,TR100A,250-0020
20036980,Стальная трубка в сборе,TUBE ASSY,钢管总成,1207.14,,,TR100A,250-0020
20036981,Трубка,TUBE ASSY,钢管总成,911.66,,,TR100A,250-0020
20036982,Трубка,TUBE ASSY,钢管总成,911.66,,,TR100A,250-0020
20036985,,SLIDEWAY ASSY,导轨总成,,,,TR100A,250-0020
20036988,CLIP - TUBE,CLAMP,管夹,25.18,Рулевое управление,,TR100A,220-0010 250-0020
20036989,pipe clamp,CLAMP,管夹,25.18,Рулевое управление,,TR100A,220-0010
20036990,BRACKET ASSY,BRACKET ASSY,支架总成,31.18,Рулевое управление,,TR100A,220-0010
20036993,,PLATE,压板,,,,TR100A,250-0020
20036994,pipe clamp,CLAP 注：A,管夹,19.19,,,TR100A,120-0190 250-0020
20036995,,CLIP,管夹,,,,TR100A,250-0020
20036996,,CLIP,管夹,,,,TR100A,250-0020
20037023,,BRACKET,导轨支架,,,,TR100A,250-0020
20037470,HOSE ASSY,HOSE ASSY,䖥㇗ᙱᡆ,1903.21,Гидравлическая система,,TR100A,210-0052
20037471,HOSE ASSY,HOSE ASSY,䖥㇗ᙱᡆ,1716.13,Гидравлическая система,,TR100A,210-0052
20037592,,CLAMP,卡子,,,,TR100A,270-0020
20038063,COVER ASSY - PTO MACHINING HOUSING,PTO HOUSING ASSY,,12451.81,,,TR100A,110-0130
20038237,SAFETY MARK,LABEL ATTENTION,安全标志,1.11,,,TR100A,290-0010
20038241,SAFETY MARK,LABEL ATTENTION,安全标志,1.11,,,TR100A,290-0010
20038243,SAFETY MARK,LABEL ATTENTION,安全标志,1.11,,,TR100A,290-0010
20038304,Turn / side marker lamps,SIDE MARKER LAMP,转向/示宽灯,265.03,Электрооборудование,,TR100A,190-0100
20038305,Steering / side position lamp,SIDE POSITION LAMP,转向/侧位灯,254.24,,,TR100A,190-0100
20038345,Oil bowl shell,BAFFLE FIXED- SECTION,,426.93,,,TR100A,110-0130
20038363,PTO assembly,PTO POWER-TAKEOFF ASSY,,69797.0,,,TR100A,110-0130
20039741,Rear window glass,GLASS-REAR,后窗玻璃,719.55,,,TR100A,260-0010
20039766,Плафон кабины,WORK INDICATOR LIGHT,工作指示灯,2170.95,,,TR100A,210-0360
20039789,·OIL-DRAIN-VALVE-,PLUG,堵,23.02,,,TR100A,180-0030 180-0050
20039811,RATING---,DECAL SERIAL,标牌,81.49,,,TR100A,290-0010
20039865,,MIRROR COVER-LH,左后视镜护罩,,,,TR100A,100-0070
20039866,,MIRROR COVER-LH,右后视镜护罩,,,,TR100A,100-0070
20039895,BRACKET,TWISTED BRACKET,扭曲支架,233.85,,,TR100A,210-0061
20040007,,BEND PLATE,弯板,,,,TR100A,190-0320
20040011,BOARD,BOARD,板,28.5,,,TR100A,300-0030
20040036,,CLOTHES HOOK,挂钩,,,,TR100A,260-0010
20040065,BOARD,BOARD,板,28.5,,,TR100A,300-0030
20040080,COVER PLATE,COVER,盖板,121.31,,,TR100A,230-0040
20040113,Cover plate assembly,COVER,盖板总成,157.25,,,TR100A,230-0040
20041074,SHUTTER,LENS-WINDOWS SHADES,百叶窗灯罩,9.54,,,TR100A,260-0080
20041195,DECAL-MAINTENANCE,DECAL SERVICE,维修保养卡,7.2,,,TR100A,290-0010
20041205,lock washer,NL8 LOCKWASHER,,4.8,,,TR100A,110-0130
20041210,,JOINT,变径接头,,,,TR100A,300-0030
20041218,CAIDAN JOINT,CARDAN JOINT,万向节,1620.02,,,TR100A,300-0030
20041393,BEND PLATE ASS,BEND PLATE ASSY,弯板总成,164.3,,,TR100A,100-0070
20041396,BEND PLATE ASS,BEND PLATE ASSY,弯板总成,117.53,,,TR100A,100-0070
20041482,BRACKET,BRACKET,支架,167.9,,,TR100A,210-0061
20041495,,COOPER TUBE,铜管,,,,TR100A,210-0020
20041576,battery,BATTERY,电瓶,1162.07,Электрооборудование,,TR100A,190-0080
20041612,PLATE ASSY,PLATE ASSY REAR MIRROR ASSY,板总成,157.1,,,TR100A,100-0070
20041643,rock ejector assy,BAR,,839.48,,,TR100A,270-0080
20041684,BRACKET,BRACKET,支架,121.12,,,TR100A,270-0020
20041685,EXHAUST PIPE,CONNECTOR-TUBE,连接管,526.47,,,TR100A,270-0020
20041701,THERMAL SLEEVE,THERMAL SLEEVE,排气管隔热套,402.95,,,TR100A,270-0020
20041703,THERMAL SLEEVE,THERMAL SLEEVE,排气管隔热套,617.61,,,TR100A,270-0020
20041704,SHOCK PAD,SHOCK PAD,减震垫,167.9,,,TR100A,110-0030
20041867,PLATE,BOARD,板,30.29,,,TR100A,300-0030
20041885,HARNESS,CABLE,测压线,978.5,Электрооборудование,,TR100A,300-0030
20041886,NIPPLE,LUMP,测压块,138.2,Электрооборудование,,TR100A,300-0030
20042011,HARNESS Assmenbly,CABLE A SSY,电源负极电缆总成,739.94,Электрооборудование,,TR100A,190-0070
20042012,HARNESS Assmenbly,CABLE A SSY,电源负极电缆总成,763.92,Электрооборудование,,TR100A,190-0070
20042022,CONDESNOR,CONDENSER,冷凝器,4352.81,Кабина,,TR100A,260-0145
20042024,CONDENSOR-AIR DONDITIONER,COMPRESSOR-134A,压缩机,4700.22,,,TR100A,260-0145
20042062,SWITCH -RISER,SWITCH-RISER,升降器开关,57.54,Кабина,,TR100A,260-0030
20042063,Lifter harness,CABLE,升降器线束,171.49,,,TR100A,260-0030
20042064,ELCE.-SAFEGUARD--,CIIRCUIT PROTECTOR,电路保护器,241.66,Кабина,,TR100A,260-0030
20042123,HOSE ASSY,HOSE ASSY,䖥㇗ᙱᡆ,4604.77,Гидравлическая система,,TR100A,210-0052
20042124,HOSE ASSY,HOSE ASSY,䖥㇗ᙱᡆ,5074.44,Гидравлическая система,,TR100A,210-0052
20042215,,BRACKET-RADIO,收音机支架,,,,TR100A,260-0010
20042527,,PLATE,压板,,,,TR100A,190-0080
20042528,,PAD,防滑垫,,,,TR100A,190-0080
20042535,,CABLE1,线束1,,,,TR100A,190-0320
20042536,,CABLE2,线束2,,,,TR100A,190-0320
20042538,Жгут проводов дисплея,CABLE4,线束4,98.0,,,TR100A,190-0320
20042628,EXHAUST,MUFFLER ASSY,消声器总成,5752.8,,,TR100A,270-0020
20042718,CABLE,CABLE A SSY,电源负极电缆总成,146.31,,,TR100A,190-0070
20042727,header tank,HEADER TANK,,1956.46,,,TR100A,210-0040
20042830,CABLE ASSY,CABLE A SSY,电缆总成,249.44,Электрооборудование,,TR100A,190-0070
20042833,,PLATE,弯板,,,,TR100A,190-0320
20042839,,GROMMET,护线圈,,,,TR100A,190-0320
20042880,HOOD ASS,ENGINE HOOD,,2535.21,,,TR100A,100-0040
20042973,COVER ISOLATOR,COVER ASSY,盖板总成,65.96,,,TR100A,190-0070
20042976,,BATTERY CASE,电瓶箱总成,,,,TR100A,190-0080
20042980,CABLE,CABLE A SSY,电源负极电缆总成,237.45,Электрооборудование,,TR100A,190-0070
20042984,CABLE ASSY,CABLE A SSY,电源负极电缆总成,183.49,Электрооборудование,,TR100A,190-0070
20043566,CABLE,CABLE A SSY,电缆总成,303.41,Электрооборудование,,TR100A,190-0070
20043707,,BEND PLATE,弯板,,,,TR100A,100-0090
20043708,,BEND PLATE,弯板,,,,TR100A,100-0090
20043746,PLATE,PLATE,,123.52,,,TR100A,100-0040
20043750,BASE PLATE ASS,BASE PLATE ASSY,,598.43,,,TR100A,100-0040
20043755,BAFFLE ASS,BAFFLE ASSY,,1393.53,,,TR100A,100-0040
20043757,BRACKET RH,BRACKET -RH,,103.14,,,TR100A,100-0040
20043783,,PLATE,板,,,,TR100A,100-0090
20043814,rear bracket assy,BRACKET ASSY,,3073.68,,,TR100A,120-0010
20044089,ROD-PISTON,PISTON ROD,,4605.12,,,TR100A,220-0120
20044090,STEERING CYLINDER ASSY,STEERING CYLINDER TUBE ASSY,,17168.46,,,TR100A,220-0120
20044118,,COVER PLATE,盖板,,,,TR100A,260-0011
20044131,EXHAUST PIPE,EXHAUST TUBE,排气管,737.2,,,TR100A,270-0020
20044253,rediator,RADIATOR ASSY,散热器总成,64045.41,,,TR100A,210-0020
20044258,trunnion assembly,TRUNNION ASSY,,4039.07,,,TR100A,120-0010
20044299,FAN,FAN,风扇,12227.55,,,TR100A,110-0030
20044303,bracket assy,BRACKET ASSY,,579.24,,,TR100A,110-0060
20044309,DOOR SSSY-LH,DOOR ASSY LH,左门总成,7694.39,,,TR100A,260-0010 260-0030
20044310,,DOOR WELDMENT-LH,左门焊接总成,,,,TR100A,260-0030
20044311,,SLIDE RAIL ASSY-UPPER,左门上型材总成,,,,TR100A,260-0030
20044312,,SLIDE RAIL ASSY -LOWER,左门下型材总成,,,,TR100A,260-0030
20044313,,BRACKET RISER,升降器支架,,,,TR100A,260-0030
20044314,Elevator assembly,LIFTER ASSY,升降器总成,803.5,Кабина,,TR100A,260-0030
20044315,,BEND PLATE,弯板,,,,TR100A,260-0030
20044316,,ARM-SLIDING,滑道总成,,,,TR100A,260-0030
20044317,,GLASS SUPPORT,左门玻璃托架,,,,TR100A,260-0030
20044318,,STOP BEAD,压条,,,,TR100A,260-0030
20044319,,SEAL,密封条,,,,TR100A,260-0030
20044320,,SEAL,密封条,,,,TR100A,260-0030 260-0040
20044321,,SEAL,密封条,,,,TR100A,260-0030 260-0040
20044322,,SEAL,密封条,,,,TR100A,260-0030 260-0040
20044323,,SEAL,密封条,,,,TR100A,260-0030
20044324,Interior trim panel of left door,TRIM-LH,左门内饰板,901.84,,,TR100A,260-0030
20044325,,FILE PACKET,文件袋,,,,TR100A,260-0030
20044326,,TRAY,储物盒,,,,TR100A,260-0030 260-0040
20044327,,BEND PLATE,弯板,,,,TR100A,260-0030
20044328,,BEND PLATE,弯板,,,,TR100A,260-0030
20044329,,HANDRAIL BRACKET,杆,,,,TR100A,260-0030 260-0040
20044331,,DOOR ASSY RH,右门总成,,,,TR100A,260-0010 260-0040
20044332,,DOOR WELDMENT-RH,左门焊接总成,,,,TR100A,260-0040
20044334,,TRIM PLATE-LH,右门内饰板,,,,TR100A,260-0040
20044335,,TRAY,储物盒,,,,TR100A,260-0040
20044336,,BEND PLATE,弯板,,,,TR100A,260-0040
20044337,Right front glass,GLASS-RIGHT FRONT,右前玻璃,636.8,,,TR100A,260-0040
20044338,Right rear glass,GLASS-RIGHT REAR,.右后玻璃,636.8,,,TR100A,260-0040
20044339,,SEAL,密封条,,,,TR100A,260-0040
20044340,,CATCH-WINDOW,锁钩,,,,TR100A,260-0040
20044341,,CATCH-WINDOW,锁扣,,,,TR100A,260-0040
20044343,,BENT PLATE,弯板,,,,TR100A,260-0011
20044344,,PLATE,板,,,,TR100A,260-0011
20044345,,COVER PLATE,盖板,,,,TR100A,260-0011
20044346,,COVER PLATE,盖板,,,,TR100A,260-0011
20044347,,SAUCER,杯托,,,,TR100A,260-0011
20044348,,ASHTRAY,烟灰缸,,,,TR100A,260-0011
20044349,,WINDOW SLIDING-RH,左门窗型材总成,,,,TR100A,260-0040
20044361,,PLATE,弯板,,,,TR100A,210-0050
20044377,,ROD TIE,转向拉杆,,,,TR100A,220-0190
20044417,,BRACKET,支架总成,,,,TR100A,250-0020
20044421,Lock assembly,STRIKER ASSY,锁柱总成,98.34,,,TR100A,260-0010
20044423,"·MECHANISM -
RISER （DOUBLE
ARM）",ARM-SLIDING,升降器机构,778.62,Кабина,,TR100A,260-0030
20044425,,BRACKET-CONDENSER,冷凝器支架,,,,TR100A,260-0145
20044446,BRACKET,BRACKET,,874.22,Гидравлическая система,,TR100A,200-0010
20044465,HOSE ASSY,HOSE ASSY,䖥㇗ᙱᡆ,2724.98,Гидравлическая система,,TR100A,210-0052
20044473,HOSE ASSY,HOSE ASSY,䖥㇗ᙱᡆ,3144.79,Гидравлическая система,,TR100A,210-0052
20044474,TUBE ASSY,TUBE ASSY,䫘㇗ᙱᡆ,589.68,Гидравлическая система,,TR100A,210-0052
20044476,HOSE,SILICONE HOSE,硅胶管,367.07,Гидравлическая система,,TR100A,210-0050
20044556,TUBE ASSY,TUBE ASSY,䫘㇗ᙱᡆ,640.22,Гидравлическая система,,TR100A,210-0052
20044570,hose,HOSE ASSY,软管总成,1520.89,Гидравлическая система,,TR100A,230-0020
20044571,hose,HOSE ASSY,软管总成,5572.91,Гидравлическая система,,TR100A,230-0020
20044574,EXHAUST FLEX ASSY,TUBE-FLEXIBLE,柔性管,862.62,,,TR100A,270-0020
20044575,BLANKET-EXHAUST,THERMAL SLEEVE,排气管隔热套,926.35,,,TR100A,270-0020
20044576,BLANKET-EXHAUST,THERMAL SLEEVE,排气管隔热套,926.35,,,TR100A,270-0020
20044577,EXHAUST TUBE,EXHAUST TUBE,排气管,534.64,,,TR100A,270-0020
20044578,BRACKET,BRACKET,支架,377.93,,,TR100A,270-0020
20044579,BLANKET-EXHAUST,THERMAL SLEEVE,排气管隔热套,727.61,,,TR100A,270-0020
20044580,BLANKET-EXHAUST,THERMAL SLEEVE,排气管隔热套,1052.33,,,TR100A,270-0020
20044581,BLANKET-EXHAUST,THERMAL SLEEVE,排气管隔热套,661.37,,,TR100A,270-0020
20044634,HOSE ASSY,HOSE ASSY,软管总成,5348.04,Гидравлическая система,,TR100A,210-0061
20044635,HOSE ASSY,HOSE ASSY,软管总成,4526.13,Гидравлическая система,,TR100A,210-0061
20044650,PAD,PLANT,෡ᶵ,20.39,,,TR100A,210-0052
20044676,FRAME_COMPLATED_ASSY,CHASSIS,䖜ᷬ,538125.0,,,TR100A,100-0010
20044841,MOUNT SHOCK,MOUNT SHOCK,减震垫,176.29,,,TR100A,100-0070
20044843,PLAIN WASHER,PLAIN WASHER WIDE-ANGLE,平垫圈,3.6,,,TR100A,100-0070
20045350,exhaust pipe,EXHAUST TUBE,排气管,231.46,,,TR100A,270-0020
20045598,,WINDOW GLASS-LH,左门玻璃,,,,TR100A,260-0030
20045610,,O RONG,密封圈,,,,TR100A,260-0130
20045611,,O RONG,密封圈,,,,TR100A,260-0130
20045612,,O RONG,密封圈,,,,TR100A,260-0130
20045613,,RING SEALING,过孔胶圈,,,,TR100A,260-0130
20045956,BRACKET,BRACKET,支架,213.92,,,TR100A,110-0140
20046630,INSPIRATOR,VENT,呼吸器,10306.57,,,TR100A,200-0011
20046631,FLANGE COUPLING,FLANGE NIPPLE,法兰及接头,5777.88,,,TR100A,200-0011
20046688,pipe1,TUBE ASSY,管总成,381.36,,,TR100A,210-0050
20046794,КОНТРОЛЛЕР,AVM CONTROLLER,控制器,4650.4,,,TR100A,190-0320
20046989,,FRESH AIR VENT,新风门,,,,TR100A,260-0130
20046990,,FRESH AIR COVER PLATE,新风盖板,,,,TR100A,260-0130
20046991,·PERFORMER,PERFORMER,执行器,447.44,,,TR100A,260-0130
20046994,·WATER VALVE ASSY,WATER VALVE ASSY,电控水阀,582.97,Кабина,,TR100A,260-0140
20048526,REAR MIRROR,MIRROR,广角镜,95.94,,,TR100A,100-0070
20049472,WASHER,SHIM,,29.06,,,TR100A,270-0080
20049522,,SUPPORT-FILTER,滤芯壳,,,,TR100A,260-0010
20049700,,PRESSURE SWITCH,压力开关,,,,TR100A,300-0100
20049747.,,"B.THIS CONTAINS BATTERY(20020663),RAPLACEMENT CYCLE IS YEAR.",,,,,TR100A,300-0100
20049790,RIGHT BRACKET ASSY,BRACKET ASSY RH,右支架总成,170.29,,,TR100A,100-0070
20049912,PLATE ASSY,PLATE ASSY,板总成,1465.48,,,TR100A,100-0070
20049920,PLATE ASSY,PLATE ASSY,板总成,1364.75,,,TR100A,100-0070
20049925,PLATE ASSY,PLATE ASSY,板总成,1455.89,,,TR100A,100-0070
20049926,BEND PLATE,BEND PLATE,弯板,224.26,,,TR100A,100-0070
20050000,BUSH,ADAPTOR,接头,7.2,,,TR100A,120-0190 250-0020
20050001,,ADAPTOR,接头,,,,TR100A,250-0020
20050002,,ADAPTOR,接头,,,,TR100A,250-0020
20050003,CONNECTOR,ADAPTOR,接头,22.79,Рулевое управление,,TR100A,220-0010 250-0020
20050004,CONNECTOR,ADAPTOR,接头,32.38,Рулевое управление,,TR100A,220-0010
20050017,,ELBOW,弯头,,,,TR100A,250-0020
20050034,O RING,O RING,O型圈,24.98,,,TR100A,230-0040
20050048,,ELBOW,弯头,45.57,,,TR100A,260-0140
20050060,Пружинный хомут,CLIP,夹子,44.85,,,TR100A,210-0050
20050630,O-ring,O -RING,ශാ,46.77,,,TR100A,210-0052
20051057,,TEE,三通,,,,TR100A,110-0140
20055038,COVER PLATE,COVER,盖板,134.32,,,TR100A,100-0070
20055050,Ступень левая,STEP ASSY LH,左扶梯总成,2062.19,,,TR100A,100-0090
20055055,,STEP ASSY RH,右扶梯总成,,,,TR100A,100-0090
20055056,ARM-SCREENWIPER,WIPER ARM,雨刷臂,208.2,,,TR100A,260-0010
20055057,ROD ASSY,ROD ASSY,连杆总成,3862.61,,,TR100A,260-0010
20055138,,CABLE TEE,线缆三通,,,,TR100A,300-0100
20055160,,HANDRAIL ASSY LH,左扶手总成,,,,TR100A,100-0090
20055161,,HANDRAIL ASSY RH,右扶手总成,,,,TR100A,100-0090
20055252,,TRIM-ROOF,顶棚,,,,TR100A,260-0010
20055253,,TRIM-REAR,后围,,,,TR100A,260-0010
20055254,,TRIM-APILLAR LH,左A 柱护板,,,,TR100A,260-0010
20055255,,TRIM-APILLAR RH,右A 柱护板,,,,TR100A,260-0010
20055256,,SOUND PROOF,后地板隔音片,,,,TR100A,260-0010
20055257,,SOUND PROOF,前地板隔音片,,,,TR100A,260-0010
20055258,,SOUND PROOF,前围隔音片,,,,TR100A,260-0010
20055259,,FIXATION,隔音片压板,,,,TR100A,260-0010
20055261,,DOOR ASSY,新风门总成,,,,TR100A,260-0010
20055263,,SEAL BULK,密封条,,,,TR100A,260-0010
20055264,,CAP,装饰帽,,,,TR100A,260-0010
20055265,,CAP,装饰帽,,,,TR100A,260-0010
20055267,HARNESS,HARNESS,空调线束,619.01,,,TR100A,260-0010
20055277,,NOZZLE,喷嘴,,,,TR100A,260-0010
20055399,,PLATE,板,,,,TR100A,100-0090
20055455,BEND PLATE ASSY,BEND PLATE ASSY,弯板总成,645.2,,,TR100A,100-0070
20055505,PLATFORM ASSY RH,PLATFORM ASSY RH,右平台总成,7675.2,,,TR100A,100-0070
20055510,BEND PLATE ASSY,BEND PLATE ASSY CROSSMEMBER,弯板总成,678.78,,,TR100A,100-0070
20055516,EVAPORATOR,EVAPORATOR,蒸发器,1352.75,,,TR100A,260-0130
20055517,MARIX-HEATER,HEATER,换热器,1404.32,,,TR100A,260-0130
20055518,,SUPPORT FRAME-FILTER,回风网盖,,,,TR100A,260-0130
20055519,,FAN PLATE,风机板,,,,TR100A,260-0130
20055520,,SUPPORT,两器托盘,,,,TR100A,260-0130
20055521,,BOX,箱体,,,,TR100A,260-0130
20055522,,COVER PLATE FR,前盖板,,,,TR100A,260-0130
20055523,,DRIVER VENT,吹人风门,,,,TR100A,260-0130
20055524,,DEFROST VENT,除霜风门,,,,TR100A,260-0130
20055525,,VENT COVER,出风口盖板,,,,TR100A,260-0130
20055526,,EXPANSION VALVE BRACKET,膨胀阀固定板,,,,TR100A,260-0130
20055527,,VENT BRACKET,风门固定耳,,,,TR100A,260-0130
20055528,LTER ELEMENT -RETURN,FILTER ELEMENT- RETURN,回风滤芯,34.78,,,TR100A,260-0130
20055530,,HOSE-BULK,风管,,,,TR100A,260-0130
20055532,,HOSE-BULK,风管,,,,TR100A,260-0130
20055533,,HOSE-BULK,风管,,,,TR100A,260-0130
20055534,,HOSE-BULK,风管,,,,TR100A,260-0130
20055538,,HOODSIDE-LH,左护罩侧板总成,,,,TR100A,100-0090
20055539,PLATE-SIDE ASSY RH,HOODSIDE-RH,右护罩侧板总成,191.88,,,TR100A,100-0090
20055540,HANDRAIL ASSY LH,HANDRAIL ASSY LH REAR MIRROR ASSY,左护栏总成,2334.94,,,TR100A,100-0070
20055542,COVER ASSY,COVER ASSY,盖板总成,1403.12,,,TR100A,100-0070
20055545,PLATFORM ASSY LH,PLATFORM ASSY LH,左平台总成,2458.46,,,TR100A,100-0070
20055551,CROSSMEMBER FRONT ASSY,ASSY FRONT,前横梁总成,8187.28,,,TR100A,100-0070
20055552,CROSSMEMBER ASSY REAR,ASSY REAR,后横梁总成,9501.66,,,TR100A,100-0070
20055553,PLATE ASSY LH,PLATE ASSY LH,左弯板总成,237.45,,,TR100A,100-0090
20055554,,PLATE ASSY RH,右弯板总成,,,,TR100A,100-0090
20055573,,PLATE ASSY LH,左弯板总成,,,,TR100A,100-0090
20055574,,PLATE ASSY RH,右弯板总成,,,,TR100A,100-0090
20055577,HANDRAIL ASSY RH,HANDRAIL ASSY RH,右护栏总成,6988.03,,,TR100A,100-0070
20055581,BEND PLATE,BEND PLATE,弯板,229.06,,,TR100A,100-0070
20055590,,PLATE ASSY,板总成,,,,TR100A,100-0140
20055591,,MUD FLAP,梯挡泥板,,,,TR100A,100-0140
20055594,,PLATE ASSY,板总成,,,,TR100A,100-0140
20055624,,BEND PALTE ASSY LH,左弯板总成,,,,TR100A,100-0140
20055625,,BEND PALTE ASSY RH,右弯板总成,,,,TR100A,100-0140
20056167,PLATE,PLATE,压板,10.79,,,TR100A,100-0090
20056583,OIL-WATER SEPARATOR,WATER SEPARATOR,油水分离器,14182.42,,,TR100A,200-0040
20057500,DISC BRAKE OIL COOLER,DISC BRAKE OIL COOLER,盘制动油冷器,47338.16,,,TR100A,210-0050
20057642,gasket,GASKET,衬垫,32.38,,,TR100A,210-0050
20058175,,HAND STARTER,电子手启动器,,,,TR100A,300-0100
20058176,,HAND STARTER BRACKET,电子手启动器支架,,,,TR100A,300-0100
20058178,,0.91m POWER LINE,带保险供电线,,,,TR100A,300-0100
20058179,блок пожарной системы,CONTROLLER,控制器,23728.17,,,TR100A,300-0100
20058180,TEE,CIRCUIT TEE,检测电路三通,3125.76,,,TR100A,300-0100
20059253,,Left rearview mirror assembly,左后视镜总成,,,,TR100A,200-0061
20059254,,Right rearview mirror assembly,右后视镜总成,,,,TR100A,200-0061
20059296,bracket assy,BRACKET ASSY.,支架总成,2728.29,,,TR100A,210-0050
20059300,tube assy.,TUBE ASSY,管总成,891.82,Cummins,,TR100A,210-0050
20059441,BEND PLATE LH,BEND PLATE LH,左弯板,102.08,,,TR100A,100-0090
20059442,BEND PLATE RH,BEND PLATE RH,右弯板,102.08,,,TR100A,100-0090
20059443,RUBBER PLATE,RUBBER STRIP,橡胶板,84.71,,,TR100A,100-0090
20059468,Heat Exchanger-trans.,HEAT EXCHANGER-TRANS.,传动箱油冷器,43688.68,,,TR100A,210-0050
20059473,,BRACKET ASSY.,支架总成,,,,TR100A,210-0050
20059536,bracket assy,BRACKET ASSY,,289.02,,,TR100A,210-0052
20059698,hood,GUARD-ENGINE,ਇ,3678.1,,,TR100A,100-0010
20060082,,ASSY COMPLETE ROT ARY,转向泵,,,,TR100A,220-0050
20060237,,SEAT ASSY -INSTRUCTOR,乘员座椅总成,,,,TR100A,260-0110
20060238,,SEAT INSTRUCTOR,乘员座椅,,,,TR100A,260-0110
20060239,,LAPBELT,安全带,,,,TR100A,260-0110
20060241,,SEAT BASE,座椅基座,,,,TR100A,260-0110
20060249,,BRACKET,支架,,,,TR100A,260-0130
20060261,,BRACKET,支架,,,,TR100A,210-0050
20060619,Насос подъема кузова,PUMP ASSEMBLY,泵总成,10031.13,,,TR100A,230-0050
20060620,Сдвоенный насос TR100,PUMP ASSEMBLY,泵总成,16894.18,,,TR100A,250-0055
20060840,bracket assy.,BRACKET ASSY.,支架总成,195.48,,,TR100A,210-0050
20060844,tube assy.,TUBE ASSY,管总成,858.12,,,TR100A,210-0061
20060845,tube assy.,TUBE ASSY,管总成,1026.6,,,TR100A,210-0061
20060847,tube assy.,TUBE ASSY,管总成,776.48,,,TR100A,210-0050
20060849,tube assy.,TUBE ASSY,管总成,930.7,,,TR100A,210-0050
20060850,tube,TUBE,管,776.48,,,TR100A,210-0050
20060852,tube assy.,TUBE ASSY,管总成,1095.52,,,TR100A,210-0050
20060854,tube assy.,TUBE ASSY,管总成,1060.09,,,TR100A,210-0050
20060855,bracket assy,BRACKET ASSY.,支架总成,1945.15,,,TR100A,210-0050
20060856,Патрубок,SILICONE HOSE,硅胶管,400.0,,,TR100A,210-0050
20060858,bracket assy.,BRACKET ASSY.,支架总成,224.8,,,TR100A,210-0050
20060859,bracket assy.,BRACKET ASSY.,支架总成,224.8,,,TR100A,210-0050
20060861,TUBE ASSY,TUBE ASSY,䫘㇗ᙱᡆ,545.66,,,TR100A,210-0052
20060862,TUBE ASSY,TUBE ASSY,䫘㇗ᙱᡆ,555.25,,,TR100A,210-0052
20060863,HOSE ASSY,HOSE ASSY,䖥㇗ᙱᡆ,3244.5,,,TR100A,210-0052
20060864,HOSE ASSY,HOSE ASSY,䖥㇗ᙱᡆ,2715.01,,,TR100A,210-0052
20060865,HOSE ASSY,HOSE ASSY,䖥㇗ᙱᡆ,2087.28,,,TR100A,210-0052
20060866,HOSE ASSY,HOSE ASSY,䖥㇗ᙱᡆ,2153.4,,,TR100A,210-0052
20060867,HOSE ASSY,HOSE ASSY,䖥㇗ᙱᡆ,2609.77,,,TR100A,210-0052
20060868,HOSE ASSY,HOSE ASSY,䖥㇗ᙱᡆ,3011.88,,,TR100A,210-0052
20060869,BLOCK,BLOCK,ཐ䐥ඍ,1259.11,,,TR100A,210-0052
20061165,,SHIELD,⏨փ䇗ᣚ㖟,,,,TR100A,200-0010
20061801,bracket assy.,BRACKET ASSY.,支架总成,230.24,,,TR100A,210-0050
20061845,Контроллер,CONTROLLER,控制器总成,23885.55,,,TR100A,260-0080
20061888,комбинация приборов,INSTRUMENT,液晶仪表,12482.54,,,TR100A,260-0080
20061891,Переключатель CAN-шины,CAN CAN BUS SWITCH,总线开关,1248.0,,,TR100A,260-0080
20061892,Переключатель CAN-шины,CAN CAN BUS SWITCH,总线开关,1248.0,,,TR100A,260-0080
20062061,,BRACKET,支架,,,,TR100A,210-0050
20062269,,PLATE,板,,,,TR100A,100-0270
20062270,,HEATER MTG BRACKET,加热器安装架,,,,TR100A,100-0270
20062274,,HEATER,加热器,,,,TR100A,100-0270
20062275,,SWITCH,开关,,,,TR100A,100-0270
20062276,,AIR PIPE,进气管,,,,TR100A,100-0270
20062278,,EXHAUST PIPE,排气管,,,,TR100A,100-0270
20062281,,FUEL HOSE,油管,,,,TR100A,100-0270
20062282,,FUEL PUMP,油泵,,,,TR100A,100-0270
20062342,Дисплей жидкокристалический,DISPLAY,显示器,25224.64,,,TR100A,260-0080
20062797,,STEERING COLUM N ASSEMBLY,转向柱总成,,,,TR100A,220-0230
20062798,,COLUMN ASSY,转向立柱,,,,TR100A,220-0230
20062799,Вал рулевой колонки,SHAFT,连接轴,2480.4,,,TR100A,220-0230
20062807,,SCREEN,风口,,,,TR100A,100-0270
20062810,,DASHBOARD ASSY,仪表台总成,,,,TR100A,260-0010
20062811,,SHIELD-STRCOL,转向柱护罩,,,,TR100A,260-0010
20062812,,SHIELD ASSY-A/C,空调护罩总成,,,,TR100A,260-0010
20062813,,SHIELD-A/C,空调护罩,,,,TR100A,260-0010
20062814,,FILTER,滤网,,,,TR100A,260-0010
20062815,,COVER ASSY,检修盖总成,,,,TR100A,260-0010
20062819,Радио,RADIO,收音机,773.36,Электрооборудование,,TR100A,190-0300
20062828,,DASHBOARD,仪表台本体,,,,TR100A,260-0010
20062829,,BASE SEAL,密封垫,,,,TR100A,100-0270
20062830,,HEATER HARNESS,加热器线束,,,,TR100A,100-0270
20062831,,PUMP HARNESS,油泵线束,,,,TR100A,100-0270
20062832,Топливный фильтр отопителя,FILTER,油滤,112.64,Фильтр,,TR100A,100-0270
20062894,,LENS-ALARM SWITCH,危险报警灯罩,,,,TR100A,260-0080
20062897,,LENS-LIGHT SWITCH,灯光灯罩,,,,TR100A,260-0080
20062900,,LENS-DIAGN INC /DEC,诊断增减灯罩,,,,TR100A,260-0080
20062901,,LENS-RETARD,缓行请求灯罩,,,,TR100A,260-0080
20062904,,Shake key mirror heating switch,摇键-镜加热开关,,,,TR100A,200-0061 260-0080
20062906,,LENS-REAR WORK LAMP,后工作灯灯罩,,,,TR100A,260-0080
20062907,,LENS-FRONT WORK LAMP,前工作灯灯罩,,,,TR100A,260-0080
20062927,,LENS-START,启动灯罩,,,,TR100A,260-0080
20062946,,LENS-BLACK,空白灯罩,,,,TR100A,260-0080
20063378,,TRIM PANEL -INSTRUMENT,仪表装饰面板,,,,TR100A,260-0010
20063379,,TRIM PANEL-LH,左装饰面板,,,,TR100A,260-0010
20063380,,TRIM PANEL-RH,右装饰面板,,,,TR100A,260-0010
20063381,,ACCESS BOX ASSY,检测口总成,,,,TR100A,260-0010
20063881,,ADAPTOR PLATE,接头板,,,,TR100A,260-0015
20063921,,AIR DIFFUSER,圆风口,,,,TR100A,260-0010
20063922,,AIR DIFFUSER,圆风口,,,,TR100A,260-0010
20063923,,AIR DIFFUSER,除霜风口,,,,TR100A,260-0010
20063924,,AIR DIFFUSER,除霜风口,,,,TR100A,260-0010
20063925,,BRACKET-LH,仪表左支架,,,,TR100A,260-0010
20063926,,BRACKET-RH,仪表右支架,,,,TR100A,260-0010
20064036,,CAP,堵盖,,,,TR100A,260-0010
20064038,,LATCH,卡锁,,,,TR100A,260-0010
20064543,,PUMP SEAL KIT,密封包,,,,TR100A,230-0050
20064544,,PUMP SEAL KIT,泵密封包,,,,TR100A,250-0055
20065179,,HEATER,加热器,,,,TR100A,110-0140
20065342,,REAR BRACKET,后托架,,,,TR100A,110-0030
20066335,,TEMPERATURE SENSOR,温度传感器,,,,TR100A,260-0130
20067147,#N/A,INTERIOR LAMP,室内灯,747.94,Кабина,,TR100A,260-0010
20067148,,WIPER KIT,雨刷器组件,,,,TR100A,260-0010
20067149,,SHIELD,护罩,,,,TR100A,260-0010
20068155,,BRACKET ASSY,横梁总成,,,,TR100A,110-0030
20068563,,CIGARETTE LIGHTER,手灯插座,,,,TR100A,260-0080
20068564,,RJ45 RJ45 PORT,接口,,,,TR100A,300-0030
20069149,,AA AA HOSE ASSEMBLY,软管总成,,,,TR100A,300-0100
20069150,,BB BB HOSE ASSEMBLY,软管总成,,,,TR100A,300-0100
20069151,,AH AH HOSE ASSEMBLY,软管总成,,,,TR100A,300-0100
20069152,,AH1 AH1 HOSE ASSEMBLY,软管总成,,,,TR100A,300-0100
20069153,,AH11 A11 HOSE ASSEMBLY,软管总成,,,,TR100A,300-0100
20069154,,AH12 A11 HOSE ASSEMBLY,软管总成,,,,TR100A,300-0100
20069155,,AH2 A2HOSE ASSEMBLY,软管总成,,,,TR100A,300-0100
20069156,,AH21 A21 HOSE ASSEMBLY,软管总成,,,,TR100A,300-0100
20069157,,AH22 A22 HOSE ASSEMBLY,软管总成,,,,TR100A,300-0100
20069158,,AH3 A3 HOSE ASSEMBLY,软管总成,,,,TR100A,300-0100
20069159,,AH31 B31 HOSE ASSEMBLY,软管总成,,,,TR100A,300-0100
20069160,,AH32 B32 HOSE ASSEMBLY,软管总成,,,,TR100A,300-0100
20069161,,BH BH HOSE ASSEMBLY,软管总成,,,,TR100A,300-0100
20069162,,BH1 BH1 HOSE ASSEMBLY,软管总成,,,,TR100A,300-0100
20069163,,BH11 BH11 HOSE ASSEMBLY,软管总成,,,,TR100A,300-0100
20069164,,BH12 BH12 HOSE ASSEMBLY,软管总成,,,,TR100A,300-0100
20069165,,BH2 BH2 HOSE ASSEMBLY,软管总成,,,,TR100A,300-0100
20069166,,BH21 BH21 HOSE ASSEMBLY,软管总成,,,,TR100A,300-0100
20069167,,BH22 BH22 HOSE ASSEMBLY,软管总成,,,,TR100A,300-0100
20069168,,BH3 BH3 HOSE ASSEMBLY,软管总成,,,,TR100A,300-0100
20069169,,BH31 BH31 HOSE ASSEMBLY,软管总成,,,,TR100A,300-0100
20069170,,BH32 BH32 HOSE ASSEMBLY,软管总成,,,,TR100A,300-0100
20069171,,TEE,三通,,,,TR100A,300-0100
20069172,,STONE,四通,,,,TR100A,300-0100
20069173,,CONNECTION LINE1.53m,感温电缆连接线1.53 米,,,,TR100A,300-0100
20069174,,CONNECTION LINE3.05m,感温电缆连接线3.05 米,,,,TR100A,300-0100
20069175,,CONNECTION LINE1.53m,释放回路连接线1.53 米,,,,TR100A,300-0100
20069176,,CONNECTION LINE3.05m,释放回路连接线3.05 米,,,,TR100A,300-0100
20069177,,END OF RELEASE CIRCUIT POWER,释放回路末端,,,,TR100A,300-0100
20069178,,CONNECTION LINE1.53m,电源连接线1.53 米,,,,TR100A,300-0100
20069183,,CAMERA,摄像头,,,,TR100A,190-0320
20069432,,SHADE,信息复位灯罩,,,,TR100A,300-0030
20069998,Ремень безопастности,SEAT,安全带（双卷轴） BELT（TWIN REEL）,,,,TR100A,260-0090
20069999,,CONTROL UNIT,空调控制面板,,,,TR100A,260-0130
20070000,,HEATER A/CON UNIT,空调主机,,,,TR100A,260-0130
20070001,,HARNESS,线束,,,,TR100A,260-0130
20070006,Operator Seat,SEAT-DRIVER,驾驶员座椅,,,,TR100A,260-0090
20070316,,CAMERA COVER,摄像头护罩,,,,TR100A,190-0320
20070485,,PAD CABLE TIES A.罐内药剂件号为20049747。 B.该总成已包括电池20020663，更换周期为一年。 NOTE:,,,,,TR100A,300-0100
20070636,Контроллер,ACCA CONTROLLER,控制器,133324.03,Электрооборудование,,TR100A,300-0030
20070637,Дисплей,ACCA SCREEN,显示器,166556.93,Электрооборудование,,TR100A,300-0030
20070640,Датчик наклона,ACCA SENSOR,倾角传感器,18342.61,,,TR100A,300-0030
20070647,,BRAKET,挡板,,,,TR100A,190-0070
20070670,,BLOCK,垫块,,,,TR100A,190-0070
20070981,,C C TYPE NOZZLE END OF LINE,型喷头,,,,TR100A,300-0100
20070982,,CONNECTION LINE6.05m,感温电缆连接线6.05 米,,,,TR100A,300-0100
20071787,,ADAPTER,接头,,,,TR100A,260-0130
20071788,,HOSE,软管,,,,TR100A,260-0130
20071993,,BOLT,长螺栓,,,,TR100A,260-0090
20072005,,BRACKET,左支架,,,,TR100A,190-0100
20072006,,BRACKET,右支架,,,,TR100A,190-0100
20072077,Лампа,REVERSING LIGHT,倒车灯/后照灯,521.21,,,TR100A,190-0100
20072078,Фара ближнего света,DIPPED HEADLIGHT,近光灯,1099.36,Электрооборудование,,TR100A,190-0100
20072079,Фара,HIGH BEAM,远光灯,1099.36,,,TR100A,190-0100
20072549,,TEE,三通,,,,TR100A,260-0130
20073544,,SEAT TOP ASSY,座椅上部总成,,,,TR100A,260-0090
20073570,,TRIPLE FRAMEWORK,三联框架,,,,TR100A,260-0080
20073574,,DUAL LINK FRAMEWORK,双联框架,,,,TR100A,260-0080
20075370,,TANK CAP,油箱盖,,,,TR100A,100-0270
20075617,,FUSE,保险,,,,TR100A,100-0270
20075618,,OIL EXTRACTOR,取油器,,,,TR100A,100-0270
20075619,,HOSE CONNECT KIT,油路连接包,,,,TR100A,100-0270
20075620,,CLAMP KIT,卡箍包,,,,TR100A,100-0270
20076408,,HEATER,机油加热器,,,,TR100A,300-0050
20076415,,KIT,旋转部件维修包,,,,TR100A,220-0050
20076503,Фара,LED LIGHT,灯,1114.29,Электрооборудование,,TR100A,190-0100
20076768,,CABLE,视频输出线,,,,TR100A,190-0320
20076770,,LED LED DISPLAY,显示屏（小）,,,,TR100A,300-0030
20076771,,BRACKET,显示器支架1,,,,TR100A,300-0030
20076772,,BRACKET,显示器支架2,,,,TR100A,300-0030
20076882,,HOSE,橡胶软管,,,,TR100A,110-0140
20077135,,BRACKET,支架,,,,TR100A,110-0140
20077453,,Rearview mirror heating harness,后视镜加热线束,,,,TR100A,200-0061
20080072,Противотуманный фонарь,FOG LAMP,雾灯,6619.41,Электрооборудование,,TR100A,190-0100
20081125,,BRACKET,支架,,,,TR100A,190-0100
200819,Orifice,"Orifice, Ful Flow Limiting",,763.1,Cummins,,QST30,QST30-76
20083058,,DC-DC DC-DC VOLTAGE TRANSFORMER,变压器,,,,TR100A,260-0080
20083064,,CAB HARNESS,驾驶室线束,,,,TR100A,190-0030
20083065,,CAB REAR HARNESS,驾驶室后部线束,,,,TR100A,190-0030
20083066,,CONTROL HARNESS,控制线束,,,,TR100A,190-0030
20083067,,FRAME HARNESS,车架线束,,,,TR100A,190-0030
20083068,,HEADLIGHT HARNESS,前大灯线束,,,,TR100A,190-0030
20083069,,EFI ENGINE HARNESS,电喷发动机线束,,,,TR100A,190-0030
20083070,,RELAY HARNESS,继电器线束,,,,TR100A,190-0030
20083071,,HARNESS-CAB,驾驶室线束,,,,TR100A,260-0010
20083073,,COMMUNIC BOARD,通讯接口板,,,,TR100A,260-0080
20083075,,BRAKE HARNESS,制动线束,,,,TR100A,190-0030
20083506,,WEAR PLATE-FLOOR -FLOOR FRONT WEAR PLATE-FLOOR WEAR PLATE WEAR PLATE WEAR PLATE-SIDE WEAR PLATE-FRONT WEAR PLATE-SIDE WEAR PLATE-FRONT,后底板-耐磨板,,,,TR100A,270-0065
20084330,,LABEL CAUTION,注意标志,,,,TR100A,290-0010
20084385,Теплообменник топлива,FUEI HEATER,燃油加热器,25810.5,,,TR100A,200-0040
20084437,,ACCA BRACKET,显示器支架,,,,TR100A,300-0030
20084453,,LABEL CAUTION,注意标志,,,,TR100A,290-0010
20084454,,LABEL CAUTION,注意标志,,,,TR100A,290-0010
20084455,,LABEL CAUTION,注意标志,,,,TR100A,290-0010
20084456,,LABEL CAUTION,注意标志,,,,TR100A,290-0010
20084458,,LABEL CAUTION,注意标志,,,,TR100A,290-0010
20084459,,LABEL DANGER,危险标志,,,,TR100A,290-0010
20084460,,LABEL DANGER,危险标志,,,,TR100A,290-0010
20084627,,BODY ASSY,车箱总成,,,,TR100A,270-0010
20084635,,WEAR PLATE-FRONT,烟道板-耐磨板,,,,TR100A,270-0065
20084636,,WEAR PLATE-FLOOR,前底板-耐磨板,,,,TR100A,270-0065
20084730,,WEAR PLATE-FRONT,烟道板-耐磨板,,,,TR100A,270-0065
20084731,,PLATE-FRONT,前板-耐磨板,,,,TR100A,270-0065
20084732,,WEAR PLATE-SIDE,烟道板-耐磨板,,,,TR100A,270-0065
20084736,Hose assembly,WEAR PLATE-SIDE,侧板-耐磨板,880.37,,,TR100A,270-0065
20084771,Жгут проводов,CABLE,称重驾驶室线束3,1113.71,,,TR100A,300-0030
20084786,Насос ЦСС,ELECTRIC CONTROL PUMP,电控泵,17117.54,ЦСС,,TR100A,300-0020
20084792,,COVER-CONSOLE,操纵塔盖总成,,,,TR100A,260-0011
20084835,,DECAL-ACCUMULATO R,储能器贴片,,,,TR100A,290-0010
20084836,,DECAL–TYRE NITROGEN-FILLED,轮胎充氮贴片,,,,TR100A,290-0010
20084837,,DECAL–HYDRAULIC OIL LEVEL,液压油位贴片,,,,TR100A,290-0010
20084838,,DECAL WARNING,警告贴片,,,,TR100A,290-0010
20084882,,FUEL PIPE,软管总成,,,,TR100A,200-0040
20084883,,FUEL PIPE,软管总成,,,,TR100A,200-0040
20084884,,FUEL PIPE,软管总成,,,,TR100A,200-0040
20084885,Шланг,HIGH-PRESSURE HOSE,高压胶管,83.85,,,TR100A,300-0020
20084886,Плунжер,PUMP UNIT,泵单元,1693.33,ЦСС,,TR100A,300-0020
20084900,,HOSE ASSY,软管总成,,,,TR100A,120-0190
20084901,,HOSE ASSY,软管总成,,,,TR100A,120-0190
20084902,,HOSE ASSY,软管总成,,,,TR100A,120-0190
20084903,,HOSE ASSY,软管总成,,,,TR100A,120-0190
20084904,,HOSE ASSY,软管总成,,,,TR100A,120-0190
20084947,,FLOORMAT,地板垫,,,,TR100A,260-0015
20084959,,WHEEL MASK,车轮掩块,,,,TR100A,300-0015
20085004,,DECAL ELECTRIC SYSTEM,电气系统贴片,,,,TR100A,290-0010
20085005,,DECAL WELDING ALARM,焊接警告贴片,,,,TR100A,290-0010
20085006,,DECAL-WARNING EMERG P/BRK,紧急制动贴片,,,,TR100A,290-0010
20085007,,DECAL-ENTIRE TRUCK DIMENSION,整车尺寸贴片,,,,TR100A,290-0010
20085008,,DECAL-PARKING BRAKE,驻车制动贴片,,,,TR100A,290-0010
20085009,,DECAL REVERSE ALARM,倒车报警贴片,,,,TR100A,290-0010
20085010,,DECAL MANUAL,手册贴片,,,,TR100A,290-0010
20085011,,DECAL–HYDRAULIC OIL LEVEL,液压油位贴片,,,,TR100A,290-0010
20085047,Кабина в сборе,CAB ASSY,驾驶室总成,70406.64,,,TR100A,260-0010
20085048,,CAB WELDMENT,驾驶室焊接总成,,,,TR100A,260-0010
20085055,,HOSE ASSY,软管总成,,,,TR100A,220-0010
20085056,,HOSE ASSY,软管总成,,,,TR100A,220-0010
20085057,,HOSE ASSY,软管总成,,,,TR100A,220-0010
20085058,,HOSE ASSY,软管总成,,,,TR100A,220-0010
20085059,,HOSE ASSY,软管总成,,,,TR100A,220-0010
20085060,,HOSE ASSY,软管总成,,,,TR100A,220-0010
20085061,,HOSE ASSY,软管总成,,,,TR100A,220-0010
20085062,,HOSE ASSY,软管总成,,,,TR100A,220-0010
20085063,,HOSE ASSY,软管总成,,,,TR100A,220-0010
20085064,,HOSE ASSY,软管总成,,,,TR100A,220-0010
20085065,,HOSE ASSY,软管总成,,,,TR100A,220-0010
20085066,,HOSE ASSY,软管总成,,,,TR100A,220-0010
20085067,,HOSE ASSY,软管总成,,,,TR100A,220-0010
20085068,,HOSE ASSY,软管总成,,,,TR100A,220-0010
20085069,,HOSE ASSY,软管总成,,,,TR100A,220-0010
20085070,,HOSE ASSY,软管总成,,,,TR100A,220-0010
20085072,,HOSE ASSY,软管总成,,,,TR100A,220-0010
20085075,,HOSE ASSY,软管总成,,,,TR100A,230-0020
20085076,,HOSE ASSY,软管总成,,,,TR100A,230-0020
20085077,,HOSE ASSY,软管总成,,,,TR100A,230-0020
20085078,,HOSE ASSY,软管总成,,,,TR100A,230-0020
20085079,,HOSE ASSY,软管总成,,,,TR100A,230-0020
20085080,,HOSE ASSY,软管总成,,,,TR100A,230-0020
20085081,,HOSE ASSY,软管总成,,,,TR100A,230-0020
20085082,,HOSE ASSY,软管总成,,,,TR100A,230-0020
20085083,,HOSE ASSY,软管总成,,,,TR100A,230-0020
20085084,,HOSE ASSY,软管总成,,,,TR100A,230-0021
20085085,,HOSE ASSY,软管总成,,,,TR100A,230-0021
20085086,,HOSE ASSY,软管总成,,,,TR100A,230-0021
20085087,,HOSE ASSY,软管总成,,,,TR100A,230-0021
20085088,,HOSE ASSY,软管总成,,,,TR100A,230-0021
20085089,,HOSE ASSY,软管总成,,,,TR100A,230-0021
20085090,,HOSE ASSY,软管总成,,,,TR100A,230-0021
20085091,,HOSE ASSY,软管总成,,,,TR100A,230-0021
20085092,,HOSE ASSY,软管总成,,,,TR100A,230-0021
20085093,,HOSE ASSY,软管总成,,,,TR100A,230-0021
20085095,,HOSE ASSY,软管总成,,,,TR100A,120-0190
20085104,,CABLE,称重驾驶室线束2,,,,TR100A,300-0030
20085106,,CABLE,称重驾驶室线束1,,,,TR100A,300-0030
20085107,,CABLE,称重车架线束,,,,TR100A,300-0030
20085108,,Plate,调试板,,,,TR100A,300-0030
20085116,,CONSOLE WELDMENT,操纵塔焊接总成,,,,TR100A,260-0011
20085149,,HOSE ASSY,软管总成,,,,TR100A,250-0020
20085150,,HOSE ASSY,软管总成,,,,TR100A,250-0020
20085151,,HOSE ASSY,软管总成,,,,TR100A,250-0020
20085152,,HOSE ASSY,软管总成,,,,TR100A,250-0020
20085153,,HOSE ASSY,软管总成,,,,TR100A,250-0020
20085154,,HOSE ASSY,软管总成,,,,TR100A,250-0020
20085155,,HOSE ASSY,软管总成,,,,TR100A,250-0020
20085156,,HOSE ASSY,软管总成,,,,TR100A,250-0020
20085157,,HOSE ASSY,软管总成,,,,TR100A,250-0020
20085158,,HOSE ASSY,软管总成,,,,TR100A,250-0020
20085159,,HOSE ASSY,软管总成,,,,TR100A,250-0020
20085160,,HOSE ASSY,软管总成,,,,TR100A,250-0020
20085161,,HOSE ASSY,软管总成,,,,TR100A,250-0020
20085162,,HOSE ASSY,软管总成,,,,TR100A,250-0020
20085163,,HOSE ASSY,软管总成,,,,TR100A,250-0020
20085164,,HOSE ASSY,软管总成,,,,TR100A,250-0020
20085165,,HOSE ASSY,软管总成,,,,TR100A,250-0020
20085166,,HOSE ASSY,软管总成,,,,TR100A,250-0020
20085167,,HOSE ASSY,软管总成,,,,TR100A,250-0020
20085168,,HOSE ASSY,软管总成,,,,TR100A,250-0020
20085169,,HOSE ASSY,软管总成,,,,TR100A,250-0020
20085170,,HOSE ASSY,软管总成,,,,TR100A,250-0020
20085171,,HOSE ASSY,软管总成,,,,TR100A,250-0020
20085172,,HOSE ASSY,软管总成,,,,TR100A,250-0020
20085173,,HOSE ASSY,软管总成,,,,TR100A,250-0020
20085174,,HOSE ASSY,软管总成,,,,TR100A,250-0020
20085175,,HOSE ASSY,软管总成,,,,TR100A,250-0020
20085176,,HOSE ASSY,软管总成,,,,TR100A,250-0020
20085177,,HOSE ASSY,软管总成,,,,TR100A,250-0020
20085178,,HOSE ASSY,软管总成,,,,TR100A,250-0020
20085179,,HOSE ASSY,软管总成,,,,TR100A,250-0020
20085182,,FUEL PIPE,软管总成,,,,TR100A,200-0040
20085184,,HEATER TANK,加热器箱,,,,TR100A,110-0140
20085185,,ADAPTER,接头,,,,TR100A,110-0140
20085186,,FUEL PIPE,软管总成,,,,TR100A,110-0140
20085187,,FUEL PIPE,软管总成,,,,TR100A,110-0140
20085188,,FUEL PIPE,软管总成,,,,TR100A,110-0140
20085189,,FUEL PIPE,软管总成,,,,TR100A,110-0140
20085190,,FUEL PIPE,软管总成,,,,TR100A,110-0140
20085194,,SHADES,百叶窗,,,,TR100A,210-0070
20085251,,ACCA SENSOR,压力传感器,,,,TR100A,300-0030
20085252,,PLATE,穿线板,,,,TR100A,300-0030
20085882,Жгут проводов,WIRING HARNESS,线束,11407.5,Электрооборудование,,TR100A,120-0070
20085883,Жгут проводов,WIRING HARNESS,线束,6388.2,Электрооборудование,,TR100A,120-0070
20087376,,ELECTRIC MOTOR,电机,,,,TR100A,210-0070
20088489,,HOSE ASSY,软管总成,,,,TR100A,120-0090
20089431,,CENTER CONSOLE ASSY,操纵塔总成,,,,TR100A,260-0011
20089755,,BRACKET,支架总成,,,,TR100A,300-0015
20089762,,TAIL LAMP ASSEMBLY,尾灯总成,,,,TR100A,190-0100
20090748,,ACCA BRACKET,控制器支架,,,,TR100A,300-0030
20090844,,CABLE,电缆,,,,TR100A,190-0030
201351,,"Clamp, Wire Tie Drive cb6000ga JV 15-JAN-96",,,,,QST30,CB5003
2014010,,,,,,,TR100A,260-0030
203.2,,"mm of Ribs: Rib, Polly V Spacing: Single damper Crank Pulley Groove Loc",,,,,QST30,DA5081-03
203518,,"Washer, Plain · 3/8 inch",,,,,QST30,RL5701-12
204489,,"Gasket, Hydraulic Pump",,,,,QST30,3804938
205168,,"Washer, Plain · 1 1/2 in.",,,,,QST30,FA5091-03
206090,,"Ring, Retaining",,,,,QST30,CB5003
206091,,"Gear, Engine Barring",,,,,QST30,CB5003
206092,,"Spring, Compression",,,,,QST30,CB5003
206093,,"Housing, Engine Barring",,,,,QST30,CB5003
206506,,"Nut, Lock",,,,,QST30,FA5091-03
207603,,"Cover, Idler Pulley",,,,,QST30,FA5091-03
23010335,TRANS MAIN OIL HOSE,HOSE-TRANSFER,,9028.28,Allison,,TR100A,120-0210
23011077,,GEAR,,,,,TR100A,120-0200
23011150,CLIP,RING-SNAP,,1519.69,Allison,,TR100A,120-0280 120-0300
23011176,BEARING,BEARING,,2856.3,Allison,,TR100A,120-0330
23011194,,AB BRACKET,,,,,TR100A,120-0290
23011195,,MAGNET,,,,,TR100A,120-0290
23012005,ROTOR ASM,ROTOR,,73008.0,Allison,,TR100A,120-0260
23012038,,PLUG,,,,,TR100A,120-0210
23013824,O RING,O J! O RING,,59.53,Allison,,TR100A,120-0280
23013833,CARRIER,CARRIER ASSY-REV,,187885.44,Allison,,TR100A,120-0330
23014107,NUT,NUT,,44.93,Allison,,TR100A,120-0290
23014166,HUB-SHAFT,HUB,,19679.59,Allison,,TR100A,120-0260
23014911,,PLUG,,,,,TR100A,120-0200
23015154,PINION,PINION,,27023.07,Allison,,TR100A,120-0310
23015601,GASKET 6768499,D! WASHER,,177.47,Allison,,TR100A,120-0280
23015990,WASHER,WASHER,,466.13,Allison,,TR100A,120-0320
23016147,,SCREW,,,,,TR100A,120-0340
23016149,BOLT,#D SCREW KIT-GAUGE OIL !EF,,23.59,Allison,,TR100A,120-0290
23016325,SEAL,SEAL,,599.79,Allison,,TR100A,120-0270
23016455,,SEAL RING,,,,,TR100A,120-0240
23016602,CARRIER,CARRIER,,17626.8,Allison,,TR100A,120-0310
23016603,SPINDLE,SPINDLE,,4517.51,Allison,,TR100A,120-0310
23016615,BOLT,BOLT,,43.8,Allison,,TR100A,120-0310
23016627,SPRING,SPRING,,29.83,Allison,,TR100A,120-0320
23016635,GUIDE PIN,PIN,,280.8,Allison,,TR100A,120-0320
23016688,CARRIER,,,141504.48,Allison,,TR100A,120-0310
23016715,RETAINER,RETAINER,,206.22,Allison,,TR100A,120-0310
23017066,CARRIER,ABC CARRIER ASSY,,375554.88,Allison,,TR100A,120-0320
23017100,CARRIER,A CARRIER,,174293.68,Allison,,TR100A,120-0320
23017304,SLEEVE,SLEEVE,,14556.67,Allison,,TR100A,120-0260
23017380,,PLUG,,,,,TR100A,120-0270
23017381,,PLUG,,,,,TR100A,120-0290
23017517,SHAFT,SHAFT,,38247.21,Allison,,TR100A,120-0260
23017628,PISTON,PISTON,,12573.1,Allison,,TR100A,120-0320
23017739,GUIDE PIN,GUIDE,,71.88,Allison,,TR100A,120-0280 120-0320
23017810,BOLT,BOLT,,29.2,Allison,,TR100A,120-0280
23019650,SEAL RING,SEAL,,242.69,Allison,,TR100A,120-0260 120-0280 120-0300
23019651,SEAL,SEAL,,758.16,Allison,,TR100A,120-0260
23019734,SOLENOID,SOLENOID-12V,,3481.92,Allison,,TR100A,120-0240
23019794,SEAL,SEAL,,525.66,Allison,,TR100A,120-0210
23019796,SEAL,SEAL,,490.84,Allison,,TR100A,120-0260
23041007,WASHER,WASHER,,221.27,Allison,,TR100A,120-0310 120-0330
23041055,BEARING,BEARING,,40549.86,Allison,,TR100A,120-0200
23041615,BLOCKING FRICTION PLATE,PLATE,,2734.99,Allison,,TR100A,120-0320
23041616,CLUTCH DISC,SPLINED,,752.54,Allison,,TR100A,120-0280 120-0300 120-0310 120-0320
23043334,BRACKET,GASKET,,96.6,Allison,,TR100A,120-0230
23045876,GASKET,GASKET,,34.53,Allison,,TR100A,120-0240
23045938,BOLTS,BOLT,,21.34,Allison,,TR100A,120-0320
23046162,DRIVE GEAR-SPEEDOMETER,GEAR,,30973.5,Allison,,TR100A,120-0340
23046255,TURBINE,TURBINE,,97020.89,Allison,,TR100A,120-0200
23046430,OIL SEAL,SEAL,,1003.02,Allison,,TR100A,120-0340
23046474,SOCKET-CONNECTOR,CONNECTOR,,4250.19,Allison,,TR100A,120-0240
23047965,BEARING,BEARING,,1603.93,Allison,,TR100A,120-0280
23047987,BEARING,BEARING,,1764.55,Allison,,TR100A,120-0320
23047992,BEARING,BEARING,,1743.21,Allison,,TR100A,120-0210
23047994,BEARING,BEARING,,4927.48,Allison,,TR100A,120-0210
23047995,BEARING,BEARING,,4687.11,Allison,,TR100A,120-0200
23048004,BEARING,BEARING,,2617.06,Allison,,TR100A,120-0310
23048005,BEARING,BEARING,,14162.43,Allison,,TR100A,120-0320
23048026,BEARING,BEARING,,2838.33,Allison,,TR100A,120-0200
23049131,,PLATE-NAME,,,,,TR100A,120-0340
23049161,BEARING,BEARING,,9738.14,Allison,,TR100A,120-0280
23049419,RACE,RACE,,3039.38,Allison,,TR100A,120-0310
27W33W34W40,,XY+Z[U NOTE:,,,,,TR100A,160-0020
28604,,"Plu ug, Pipe · 1 /8 - 27 x 0.3 i n.",,,,,QST30,WF5021-09
287225,,"Sea al, O Ring · Sen nsor, Pressure e 3 I ntake air.",,,,,QST30,QST30-100
2888890,TENSIONER,"Tensioner, Belt S Nut, Regular Hexagon Jam UNF S Pin, Cotter",,15884.64,Cummins,,QST30,FA5091-03
29500034,PLUG ASSY,PLUG ASSY,,24.71,Allison,,TR100A,120-0230 120-0240
29502073,BEARING,BEARING,,31785.44,Allison,,TR100A,120-0260
29503032,,PUMP-CONVERTOR,,,,,TR100A,120-0200
29503383,O RING,O J O RING,,29.2,Allison,,TR100A,120-0210 120-0290 120-0340
29503843,,HI RETAINER,,,,,TR100A,120-0210 120-0290 120-0340
29507729,BRG;KIT,BEARING,,14677.98,Allison,,TR100A,120-0260
29509637,SPEED SENSOR,ASSY,,1939.77,Allison,,TR100A,120-0290 120-0340
29511631,Clutch housing,HUB,,62276.95,Allison,,TR100A,120-0280
29513912,Gear assembly,GEAR ASSY,,164664.0,Allison,,TR100A,120-0280
29520043,MAGNETIC SCREEN,ASSY,,10002.1,Allison,,TR100A,120-0290
29520044,Filter,STRAINER ASSY,,3607.72,Allison,,TR100A,120-0290
29520046,Gasket,GASKET,,92.1,Allison,,TR100A,120-0290
29520047,Filter cover,C COVER,,858.12,Allison,,TR100A,120-0290
29524782,CARRIER,B CARRIER,,136965.6,Allison,,TR100A,120-0280
29524783,,B CARRIER,,,,,TR100A,120-0280
29524784,HUB,HUB ASSY,,64581.75,Allison,,TR100A,120-0280
29525029,PAN ASSY,PAN ASSY,,21565.44,Allison,,TR100A,120-0290
29525039,,REG,,,,,TR100A,120-0230
29525044,PLUG ASSY,PLUG ASSY,,50.54,Allison,,TR100A,120-0240 120-0260
29525046,Bearing retainer pressure measuring bolt,PLUG ASSY,,32.57,Allison,,TR100A,120-0260 120-0340
29525047,Screw plug,PLUG,,32.57,Allison,,TR100A,120-0210 120-0260 120-0270 120-0340
29525049,,PLUG ASSY,,,,,TR100A,120-0290
29525051,,PLUG ASSY,,,,,TR100A,120-0210
29525408,GEAR RING,GEAR,,136759.68,Allison,,TR100A,120-0310
29527366,VALVE BODY,BODY,,7351.34,Allison,,TR100A,120-0240
29528630,PRESSURE CONTROL VALVE-MAIN,BODY ASSY BODY-MAIN PRESS,,27479.09,Allison,,TR100A,120-0230
29528770,WASHER,WASHER,,4620.84,Allison,,TR100A,120-0200
29529026,TUBE-KIT,TUBE-KIT,,6756.05,Allison,,TR100A,120-0210
29529027,TUBE-KIT,TUBE-KIT,,5523.9,Allison,,TR100A,120-0210
295291,,"Manifold, Exhaust",,,,,QST30,QST30-100
295293,,"Manifold, Exhaust NE CON NTROL",,,,,QST30,QST30-100
29529602,Gasket,GASKET,,526.78,Allison,,TR100A,120-0210
29529603,Gasket,GASKET,,588.56,Allison,,TR100A,120-0260
29529604,Gasket,GASKET,,937.87,Allison,,TR100A,120-0340
29529605,Gasket,GASKET,,921.02,Allison,,TR100A,120-0290
29529971,BEARING,BEARING,,2316.04,Allison,,TR100A,120-0310
29530095,RETAINER ASSY,RETAINER ASSY,,42915.23,Allison,,TR100A,120-0260
29536399,BEARING,BEARING,,30655.5,Allison,,TR100A,120-0340
29536480,BLOCKING VALVE,VALVE-LOCKUP,,36809.51,Allison,,TR100A,120-0240
29536509,HARNESS ASSY,HARNESS ASSY,,6030.46,Allison,,TR100A,120-0240
29536988,COVER,COVER,,27.63,Allison,,TR100A,120-0210 120-0290 120-0340
29537233,SNAP RING,RING,,265.42,Allison,,TR100A,120-0300
29537419,GASKET,SPACER,,3915.48,Allison,,TR100A,120-0280
29537422,SHELL,HOUSING,,228571.2,Allison,,TR100A,120-0290
29537426,HOUSING ASSY-CONVERTER,HOUSING ASSY,,365025.6,Allison,,TR100A,120-0210
29537435,COVER ASSY,COVER ASSY,,199363.68,Allison,,TR100A,120-0340
29537449,WHEEL,WHEEL-TONE,,1900.45,Allison,,TR100A,120-0280
29540488,STUD,STUD,,106.7,Allison,,TR100A,120-0210
29541753,,BODY,,,,,TR100A,120-0270
29541754,Retarder valve,VALVE ASSY,,110820.96,Allison,,TR100A,120-0270
29542098,SCREW,K SCREW,,62.9,Allison,,TR100A,120-0210 120-0290 120-0340
29542780,Bearing retainer pressure measuring bolt,PLUG ASSY,,37.07,Allison,,TR100A,120-0260 120-0340
29543249,,COVER,,,,,TR100A,120-0270
29543432,SPEED SENSOR,DEFG SPEED SENSOR,,1939.77,Allison,,TR100A,120-0210
2954761,,,为密封及衬垫维修包。,,,,TR100A,120-0020
29547617,SERVICE KIT（H8610AR）,FOR BASIC SEAL AND GASKET KIT.,,24800.26,Allison,,TR100A,120-0020
29554513,pressure senser,PRESSURE SWITCH,压力开关,5170.09,Allison,,TR100A,120-0100
29560408,Фильтр трансмиссии,ELEMENT REP. KIT,滤芯保养包,4816.7,Фильтр,29558464,TR100A,120-0100
3.69-3.94,,"Inch Screw, Hex Flange Head Cap M10 x x Spacer, Mounting pp6000gw JV 08-JUL-09",,,,,QST30,PP5715-05
3003354,Подшипник,"Bearing, Roller",,2818.31,Cummins,,QST30,FA5091-03
3004057,,"Nut, Lock · 3/4 - 16 UNF",,,,,QST30,FA5091-03
3004700,START MOTOR,STARTING MOTOR,启动马达,35859.28,Cummins,,TR100A,110-0030
3008470,,"Plug, Pipe · 1 NPT",,,,,QST30,LA5703
3009475,"SHAFT,PIVOT","Shaft, Pivot",,1613.09,Cummins,,QST30,FA5091-03
3009477,Sleeve,Sleeve,,2611.24,Cummins,,QST30,FA5091-03
3010151,,"Screw, Hexagon Head Cap · M6 x 2.00 x 40",,,,,QST30,CB5003
3012481,,"Screw, Captive Washer Cap · 7/16 - 14 x 1 1/2 in.",,,,,QST30,FA5091-03
3013786,,"Plug, Pipe · 3/8 NPT",,,,,QST30,TH5008-11
3014449,,"Gasket, Flange",,,,,QST30,3804938 FA5091-03
3016306,Хомут ТРК,"Clamp, V Band",,809.9,Cummins,,QST30,XS5053
3016308,,"Tube, Exhaust Outlet INLET",,,,,QST30,XS5053
301647,,· Clip p 1,,,,,QST30,QST30-100
3016792,"SEAL,OIL","Seal, Oil",,1320.48,Cummins,,QST30,GG5708-09
3017503,,"Screw, Hexagon Head Cap · M10 X 1.50 X 75.",,,,,QST30,PL5717-04 WI5052-03
3021420,,Solenoid,,,,,QST30,QST30-126
3021470,,"Screw, Captive Washer Cap · 5/16 - 18 x 3/4 in.",,,,,QST30,FA5091-03
3023499,,"Cap, Idler Lever",,,,,QST30,FA5091-03
3025458,,"Plug, Pipe · 1/8 NPT.",,,,,QST30,BB5729
3028373,,"Screw, Hexagon Head Cap · M12 x 1.75 x 16",,,,,QST30,WI5052-03
3028405,,"Shaft, Fan Hub",,,,,QST30,FA5091-03
3028408,,"Pulley, Idler",,,,,QST30,FA5091-03
3028409,,"Pulley, Idler",,,,,QST30,FA5091-03
3028410,"SHAFT,IDLER","Shaft, Idler",,8526.19,Cummins,,QST30,FA5091-03
3030207,,"Retainer, Dipstick",,,,,QST30,OP5133-13
3035310,,"Washer, Plain · 3/8 in.",,,,,QST30,FA5091-03
3036900,,"Washer, Plain · 1/2 in.",,,,,QST30,FA5091-03
3040810,,"Plug, Threaded",,,,,QST30,FF5080-04 QST30-126
3040817,,"Seal, O Ring",,,,,QST30,3804938 BB5702-04 PL5717-04
3046201,,"Seal, O Ring",,,,,QST30,FF5080-04 QST30-126
3046202,,"Plug, Threaded · 3/4 - 16 UNF",,,,,QST30,FF5080-04 QST30-126
3046943,"SEAL,ORING","Seal, O Ring",,59.25,Cummins,,QST30,FF5080-04
3048625,Сальник натяжного ролика,"Seal, Oil",,846.68,Cummins,,QST30,FA5091-03
3048626,"BEARING,ROLLER","Bearing, Roller",,1636.69,Cummins,,QST30,FA5091-03
3056479,,"Hub, Fan",,,,,QST30,FA5091-03
3056480,,"Hub, Fan",,,,,QST30,FA5091-03
3056508,,"Screw, Drive",,,,,QST30,LA5703
3059278,,"Union, Male",,,,,QST30,FF5080-04
3062329,,"Clamp, Wire Tie",,,,,QST30,3804938
3064106,Exhaust pipe heat shield fixing bolt,"Screw, Hexagon Head Cap · M10 x 1.50 x 30.",,162.75,Cummins,,QST30,BB5729 QST30-100 QST30-76 TB5732 WH5706-01 WI5052-03
3064111,,"Screw, Hexagon Head Cap · M12 x 1.75 x 35",,,,,QST30,DA5081-03 FA5091-03 OP5133-13
3065830,Oil seal,"Seal, Oil",,1525.79,Cummins,,QST30,FA5091-03
3065944,,"Screw, Captive Washer Cap · #10 - 24 X 1 Inch.",,,,,QST30,QST30-126
3066310,,"Screw, Captive Washer Cap · 1/4 - 20 X 3/4 Inch.",,,,,QST30,QST30-100
3069102,,"Gasket, Air Compressor",,,,,QST30,3804938
3069103,,"Gasket, Fuel Pump",,,,,QST30,3804938
307630,,"· Cla mp, Wire Tie 1",,,,,QST30,QST30-100
3076301,,"Clamp, Wire Tie",,,,,QST30,BR5710-03 FA5091-03 PH5748-01 QST30-100
3084829,,"Plug, Pipe",,,,,QST30,TB5732
3086244,,"Housing, Belt Tensioner",,,,,QST30,FA5091-03
3086251,,"Retainer, Spring",,,,,QST30,FA5091-03
3086252,,"Pin, Clevis",,,,,QST30,FA5091-03
3086253,,"End, Control Rod",,,,,QST30,FA5091-03
3086269,,"Spring, Compression",,,,,QST30,FA5091-03
3087969,Шланг,"Hose, Flexible",,2264.08,Cummins,,QST30,TP5721
3089238,,"Plug, Threaded · M22 x 1.50 x 20.1",,,,,QST30,FH5703-04 QST30-76 QST30-85 TH5008-11
3089239,,"Plug, Threaded · M22 x 1.50 x 20.1",,,,,QST30,FH5703-04 QST30-76 QST30-85 TH5008-11
3089240,"SEAL,ORING","Seal, O Ring · M22",,77.39,Cummins,,QST30,3804938 FH5703-04 QST30-76 QST30-85 TH5008-11
3090126,Oil filter seal O-ring,"Seal, O Ring",,159.71,Cummins,,QST30,QST30-76
3090127,Oil filter seal O-ring,"Seal, O Ring",,292.03,Cummins,,QST30,QST30-76
3090194,,"Seal, Dust",,,,,QST30,FA5091-03
3090400,,"Union, Male",,,,,QST30,TP5721
3090419,Штуцер,"Union, Male",,482.04,Cummins,,QST30,TP5721
3092001,Gasket,Shim,,588.63,Cummins,,QST30,WI5052-03
3092021,,"Spacer, Mounting",,,,,QST30,TP5721
3092040,,"Plug, O Ring",,,,,QST30,BB5729
3092059,,Clip,,,,,QST30,FF5080-04
3092075,,"Seal, O Ring",,,,,QST30,3804938
3092078,Pressure limiting spring,"Spring, Compression",,521.7,Cummins,,QST30,QST30-76
3092114,Термостат,Thermostat,,3305.12,Cummins,,QST30,TH5008-11
3092134,,"Heater, Intake Air",,,,,QST30,TB5751
3092145,,"Screw, Hexagon Head Cap · M12 x 1.75 x 80",,,,,QST30,BB5702-04
3092150,,"Valve, Check",,,,,QST30,PL5717-04
3092245,,"Bracket, Wiring Retainer",,,,,QST30,PH5750-02
3092252,,"Seal, O Ring",,,,,QST30,3804938
3092253,,"Clamp, Spring Hose",,,,,QST30,BR5710-03
3092254,Breather hose clamp,"Clamp, Spring Hose",,97.34,Cummins,,QST30,BR5710-03
3092255,,"Hose, Flexible",,,,,QST30,BR5710-03
3092261,,"Cover, Protective",,,,,QST30,QST30-100
3092262,Generator drive seal,"Seal, O Ring",,272.26,Cummins,,QST30,3804938 DF5721-02 PU5004-07 WP5701-13
3092263,,"Connection, Water Outlet",,,,,QST30,TH5008-11
3092274,,"Connection, Adapter A Kit",,,,,QST30,BB5702-18
3092283,,"Washer, Plain",,,,,QST30,FW5057-04
3092287,,"Dowel, Pin",,,,,QST30,BB5702-18
3092288,,"Dowel, Pin",,,,,QST30,BB5702-04
3092290,Втулка,Bushing,,1196.03,Cummins,,QST30,PU5004-07
3092291,Упорный подшипник,"Bearing, Thrust",,2692.93,Cummins,,QST30,PU5004-07
3092324,,"Spacer, Mounting",,,,,QST30,TB5732
3092333,,"Hose, Plain",,,,,QST30,BR5710-03
3092334,,"Spacer, Mounting",,,,,QST30,PP42139-01_0603
3092346,,Bu ushing,,,,,QST30,LP5701-02
3092347,,Bu ushing,,,,,QST30,LP5701-02
3092348,,"Seal, Water Pump",,,,,QST30,WP5701-13
3092349,,"Impeller, Water Pump",,,,,QST30,RE5701 WP5701-13
3092350,,"Screw, Hexagon Head Cap",,,,,QST30,FA5091-03
3092353,,Clip,,,,,QST30,OP5133-13
3092360,,"Housing, Flywheel",,,,,QST30,FH5703-04
3092361,,"Plate, Cover",,,,,QST30,GG5708-09
3092362,,"Socket, Cam Follower",,,,,QST30,FCI310
3092364,,"Pulley, Idler S Nut, Regular Hexagon Jam UNF S Washer, Plain in. S Washer, Plain in.",,,,,QST30,FA5091-03
3092366,Сальник,"Seal, Oil",,1505.97,Cummins,,QST30,WP5701-13
3092374,,Ball,,,,,QST30,FCI310
3092377,Exhaust pipe stud,Stud,,1332.4,Cummins,,QST30,TB5732
3092378,,"Support, Accessory Drive",,,,,QST30,DF5721-02
3092381,,"Sh haft, Lube Oil Pump",,,,,QST30,LP5701-02
3092384,,Bu ushing,,,,,QST30,LP5701-02
3092388,,Clip,,,,,QST30,TP5721
3092399,Уплотнительное кольцо термостата,"Seal, Thermostat",,507.78,Cummins,,QST30,3804938 TH5008-11
3092406,,"Screw, Twelve Point Cap · M22 x 1.50 x 135",,,,,QST30,DA5081-03
3092407,Rivet,Rivet,,489.76,Cummins,,QST30,RL5701-12
3092408,Nut,"Nut, Regular Hexagon · M10 x 1.25",,139.93,Cummins,,QST30,RL5701-12
3092410,,"Gasket, Filter",,,,,QST30,3804938
3092411,,"Gasket, Filter",,,,,QST30,3804938
3092419,,"Ring, Retaining",,,,,QST30,WP5701-13
3092430,,"Bracket, Wiring Retainer",,,,,QST30,PH5750-02
3092438,,"Seal, O Ring",,,,,QST30,3804938
3092471,Прокладка,"Gasket, Exhaust Manifold",,520.58,Cummins,,QST30,TB5732
3092475,,"Housing, Rocker Lever",,,,,QST30,RL5701-12
3092476,,"Housing, Rocker Lever",,,,,QST30,RL5701-12
3092481,,"Cover, Rocker Lever",,,,,QST30,VC5702-02
3092484,Прокладка клапанной крышки QST30,"Gasket, Rocker Lever Hsg",,808.97,Cummins,,QST30,VC5702-02
3092491,,"Seal, O Ring · Lower, orange",,,,,QST30,BB5702-01_01011
3092492,,"Seal, O Ring · Center, black",,,,,QST30,BB5702-01_01011
3092493,Уплотнительное кольцо гильзы,"Seal, Rectangular Ring · Upper, black",,1277.64,Cummins,,QST30,NN5705
3092494,,"Breather, Crankcase",,,,,QST30,BR5710-03
3092495,Втулка,Bushing,,,Cummins,,QST30,BB5702-04
3092496,,"Gear, Camshaft · Left Hand",,,,,QST30,PP42139-01
3092497,,"Plate, Thrust Bearing",,,,,QST30,PP42139-01
309250,,"r Cove er · Sc crew, Cam Fol lower Shaft 24 M10 x 1.50 x 36, 12 Point Hex",,,,,QST30,FCI310
3092500,,"Lever, Cam Follower",,,,,QST30,FCI310
3092502,,"Pin n, Cam Follow wer Roller",,,,,QST30,FCI310
3092503,,"Shaft, Cam Follower",,,,,QST30,FCI310
3092504,,"Dowel, Ring",,,,,QST30,BB5702-18
3092506,,"Shaft, Cam Follower",,,,,QST30,FCI310
3092507,,"Rod, Push",,,,,QST30,RL5701-12
3092513,,"Lever, Rocker",,,,,QST30,RL5701-12
3092514,,"Lever, Rocker",,,,,QST30,RL5701-12
3092515,Коромысло выпускного клапана,"Lever, Rocker (tla)",,6523.61,Cummins,,QST30,RL5701-12
3092519,,"Shaft, Rocker Lever",,,,,QST30,RL5701-12
3092520,,"Lever, Rocker",,,,,QST30,RL5701-12
3092521,,"Lever, Rocker · Intake",,,,,QST30,RL5701-12
3092523,Втулка коромысла,Bushing,,673.96,Cummins,,QST30,RL5701-12
3092524,,"Collar, Thrust",,,,,QST30,RL5701-12
3092525,,"Lever, Rocker",,,,,QST30,RL5701-12
3092527,,"Lever, Rocker · Exhaust",,,,,QST30,RL5701-12
3092529,,"Support, Rocker Lever",,,,,QST30,RL5701-12
3092530,Крейцкопф,"Crosshead, Valve",,2858.86,Cummins,,QST30,RL5701-12
3092552,,"Screw, Twelve Point Cap · M12 x 1.75 x 102",,,,,QST30,RL5701-12
3092564,Форсунка охлаждения поршня,"Nozzle, Piston Cooling",,1328.6,Cummins,,QST30,BB5702-18
3092565,,"Nozzle, Piston Cooling",,,,,QST30,BB5702-18
3092569,,"Ring, Compression Piston · Top",,,,,QST30,QST30-119
309257,,· Bushi ng 1,,,,,QST30,QST30-121
3092570,,"Ring, Compression Piston · 2nd Ring",,,,,QST30,QST30-119
3092571,,"Ring, Oil Piston · Bottom",,,,,QST30,QST30-119
3092572,Палец поршневой,"Pin, Piston",,3261.44,Cummins,,QST30,QST30-119
3092573,,Bushing,,,,,QST30,QST30-119
3092582,,"Plate, Cover",,,,,QST30,QST30-76
3092610,,"Ge ear, Lub Oil P umping",,,,,QST30,LP5701-02
3092613,O ring,"Seal, O Ring",,95.82,Cummins,,QST30,TB5751
3092625,,"Clamp, Tube",,,,,QST30,PP42139-01_0603
3092626,,"Clamp, Tube",,,,,QST30,PP42139-01_0603
3092627,,"Clamp, Tube",,,,,QST30,PP42139-01_0603
3092657,,"Manifold, Exhaust",,,,,QST30,TB5732
3092658,,"Manifold, Exhaust",,,,,QST30,TB5732
3092684,,"Nut, Regular Hexagon",,,,,QST30,RL5701-12
3092688,,"Clamp, Hose",,,,,QST30,PL5717-04
3092689,,"Clamp, Hose",,,,,QST30,PL5717-04
3092700,,"Housing, Thermostat",,,,,QST30,TH5008-11
3092703,,"Plate, Cover",,,,,QST30,TH5008-11
3092713,Прокладка корпуса термостата,"Gasket, Thermostat Housing",,311.6,Cummins,,QST30,3804938 TH5008-11
3092714,Прокладка корпуса термостата,"Gasket, Thermostat Housing",,326.18,Cummins,,QST30,3804938 TH5008-11
3092715,,"Gasket, Cover",,,,,QST30,3804938
3092716,,"Shield, Heat",,,,,QST30,VC5702-02
3092717,Гильза цилиндра,"Liner, Cylinder For Information Only Service all liners with",,13586.72,Cummins,,QST30,NN5705
3092718,Гильза цилиндра,"Liner, Cylinder · Left Bank",,20951.19,Cummins,,QST30,NN5705
3092730,Прокладка,"Gasket, Aft Housing",,2104.19,Cummins,,QST30,TB5751
3092781,,"Cap, Main Bearing",,,,,QST30,BB5702-18
3092782,,"Cap, Main Bearing",,,,,QST30,BB5702-18
3092783,,"Cap, Main Bearing",,,,,QST30,BB5702-18
3092784,,"Cover, Water Header",,,,,QST30,WH5706-01
3092786,Болт,"Screw, Twelve Point Cap",,1870.81,Cummins,,QST30,BB5702-18
3092792,Прокладка крышки,"Gasket, Cover Plate",,225.33,Cummins,,QST30,3804938 LA5703
3092803,,"Pointer, Timing",,,,,QST30,GG5708-09
3092807,,"Shaft, Accessory Drive",,,,,QST30,PU5004-07
3092808,,"Hub, Accessory Drive",,,,,QST30,PU5004-07
3092809,,"Gear, Accessory Drive",,,,,QST30,PU5004-07
3092812,,"Seal, Oil",,,,,QST30,3804938
3092816,Прокладка передней крышки,"Gasket, Gear Cover",,1925.27,Cummins,,QST30,3804938 GG5708-09
3092817,Прокладка картера шестерён,"Gasket, Gear Housing",,1384.63,Cummins,,QST30,3804938 BB5702-04
3092821,Сальник масляный,"Seal, Oil",,920.41,,,QST30,FH5703-04
3092825,Прокладка картера маховика,"Gasket, Flywheel Housing",,848.95,Cummins,,QST30,3804938 FH5703-04
3092842,,Bushing,,,,,QST30,OP5133-13
3092855,Комплект прокладок масляного картера QST30,"Gasket, Oil Pan",,32215.91,Cummins,,QST30,3804938 OP5133-13
3092858,,"Cover, Camshaft",,,,,QST30,CM5702-08
3092859,,"Gasket, Camshaft Cover",,,,,QST30,3804938
3092861,,"Cover, Camshaft",,,,,QST30,PP42139-01
3092863,,"Gasket, Camshaft Cover",,,,,QST30,3804938 PP42139-01
3092877,Вкладыш коренной,"Bearing, Main · Upper, #1,2,3,4,6",,8930.82,Cummins,,QST30,BB5702-01
3092878,Вкладыш коренной,"Bearing, Main · Lower, #1,2,3,5,6",,8930.82,Cummins,,QST30,BB5702-01
3092879,Вкладыш коренной,"Bearing, Main · Upper, #4",,3470.05,Cummins,,QST30,BB5702-01
3092880,Вкладыш коренной,"Bearing, Main · Lower, #4",,3205.09,Cummins,,QST30,BB5702-01
3092881,Упорный подшипник,"Bearing, Thrust · Upper and Lower, #7",,3785.09,Cummins,,QST30,BB5702-01
3092887,,"Plug, Expansion",,,,,QST30,OB5044-09
3092921,,"Crankshaft, Engine",,,,,QST30,BB5702-01
3092922,,"Crankshaft, Engine",,,,,QST30,BB5702-01
3092923,,"Gear, Crankshaft",,,,,QST30,BB5702-01
309293,,"· Cap, C Conn Rod Bea aring 1",,,,,QST30,QST30-121
3092932,Шатун,"Rod, Engine Connecting · Recon equivalent 3092932 NX",,24702.86,Cummins,,QST30,QST30-119
3092933,,"Rod, Engine Connecting · Right Bank",,,,,QST30,QST30-119
3092935,Шатун,"Rod, E Engine Conne ecting · Rec con equivalen t 3092935 NX X",,30418.19,Cummins,,QST30,QST30-121
3092940,,"Bearin ng, Connectin g Rod T WATE ER",,,,,QST30,QST30-121
3092953,Втулка,Bushing,,1395.78,Cummins,,QST30,BB5702-04
3092954,,"Gear, Idler",,,,,QST30,BB5702-04
3092955,,"Gear, Idler",,,,,QST30,BB5702-04
3092956,,"Gear, Idler · Right Bank",,,,,QST30,BB5702-04
3092957,,"Gear, Idler · Left Bank",,,,,QST30,BB5702-04
3092959,,"Shaft, Idler",,,,,QST30,BB5702-04
3092960,,"Retainer, Gear",,,,,QST30,BB5702-04
3092961,,"Gear, Idler",,,,,QST30,BB5702-04
3092962,,"Gear, Idler · Right Bank Cam Idler",,,,,QST30,BB5702-04
3092971,,Camshaft · Right Hand,,,,,QST30,PP42139-01
3092972,,"Gear, Camshaft · Right Hand",,,,,QST30,PP42139-01
3092974,,Camshaft · Left Hand,,,,,QST30,PP42139-01
309298,,"· Pu ump, Lube Oil 1",,,,,QST30,LP5701-02
3092986,,"Bo ody, Lub Oil Pump P",,,,,QST30,LP5701-02
3092989,,"Sh haft, Lube Oil Pump",,,,,QST30,LP5701-02
309299,,"· Va alve, Bypass 1",,,,,QST30,LP5701-02
3092990,,"Ge ear, Lube Oil Pumping P",,,,,QST30,LP5701-02
3092992,,"Co over, Lube Oil Pump",,,,,QST30,LP5701-02
3092995,,"Body, Bypass Valve",,,,,QST30,TB5732
3092997,Valve core,"Plunger, Bypass Valve",,1914.94,Cummins,,QST30,TB5732 WI5052-03
3092998,,"Retainer, Spring",,,,,QST30,TB5732
3092999,Relief valve spring,"Spring, Compression",,632.74,Cummins,,QST30,TB5732
3093000,Gasket,"Gasket, Bypass Valve",,103.43,Cummins,,QST30,3804938 TB5732
3093010,Перепускной клапан,"Valve, Bypass",,24463.53,Cummins,,QST30,WI5052-03
3093011,,"Body, Bypass Valve",,,,,QST30,WI5052-03
3093012,,"Plate, Cover",,,,,QST30,WI5052-03
3093013,Valve core,"Valve, Pressure Regulator",,11080.49,Cummins,,QST30,WI5052-03
3093014,Spring,"Spring, Compression",,599.27,Cummins,,QST30,WI5052-03
3093015,,"Plug, Retainer",,,,,QST30,WI5052-03
3093016,Spring,"Spring, Valve",,2419.91,Cummins,,QST30,WI5052-03
3093017,,"Plug, Retainer",,,,,QST30,WI5052-03
3093018,,"Plate, Cover",,,,,QST30,QST30-76
3093019,,"Seal, Grommet",,,,,QST30,3804938 QST30-76
3093031,,"Piston, Engine · Serviced as 3800363.",,,,,QST30,QST30-119
3093032,,"Piston, Engine",,,,,QST30,QST30-119
3093055,,"Seal, O Ring",,,,,QST30,3804938
3093089,,"Gear, Water Pump",,,,,QST30,WP5701-13
3093096,,"Plate, Cover",,,,,QST30,WI5052-03
3093099,Прокладка маслоохладителя,"Gasket, Lub Oil Clr Cover",,611.59,Cummins,,QST30,3804938 WI5052-03
3093153,Прокладка патрубка,"Gasket, Wtr Trf Connection",,117.62,Cummins,,QST30,TH5008-11 WP5701-13
3093155,Уплотнительное кольцо,"Seal, O Ring",,191.91,Cummins,,QST30,3804938 BB5702-01_01011 BB5702-18 BB5729
3093159,,"Plate, Cover",,,,,QST30,BB5729
3093165,,"Connection, Water Transfer",,,,,QST30,WH5706-01
3093167,,"Gasket, Connection",,,,,QST30,WP5701-13
3093169,Прокладка маслоохладителя,"Gasket, Tor Cnv Cooler",,243.09,Cummins,,QST30,WH5706-01
3093176,BELT - GENERATOR,ALTERNATOR BELT,发电机皮带,454.9,Cummins,,QST30/TR100A,110-0030 AP5022-01
3093177,,"Connection, Water Bypass",,,,,QST30,TH5008-11
3093179,,"Pulley, Alternator ap6000gd JV 18-JUL-05 CM850,",,,,,QST30,AP5022-01
3093305,,"Plate, Cover",,,,,QST30,BB5702-01_01011
3093342,,"Plug, Threaded",,,,,QST30,LA5703
3093365,Топливная трубка,"Tube, Injector Fuel Supply",,2648.1,Cummins,,QST30,PP42139-01_0603
3093367,Топливная трубка,"Tube, Injector Fuel Supply",,2699.06,Cummins,,QST30,PP42139-01_0603
3093368,Топливная трубка (5R),"Tube, Injector Fuel Supply",,3705.6,Cummins,,QST30,PP42139-01_0603
3093370,Топливная трубка,"Tube, Injector Fuel Supply",,2193.1,Cummins,,QST30,PP42139-01_0603
3093372,Топливная трубка,"Tube, Injector Fuel Supply",,2642.64,Cummins,,QST30,PP42139-01_0603
3093373,Топливная трубка,"Tube, Injector Fuel Supply",,2642.64,Cummins,,QST30,PP42139-01_0603
3093374,Топливная трубка,"Tube, Injector Fuel Supply",,2648.1,Cummins,,QST30,PP42139-01_0603
3093375,Топливная трубка,"Tube, Injector Fuel Supply",,2298.66,Cummins,,QST30,PP42139-01_0603
3093411,,"Shaft, Water Pump",,,,,QST30,RE5701 WP5701-13
3093423,,"Shaft, Fuel Pump Drive",,,,,QST30,DP5702-17
3093426,,"Plate, Thrust Bearing",,,,,QST30,DP5702-17
3093431,,Dataplate la6000gd JV 21-OCT-08,,,,,QST30,LA5703
3093505,,"Gasket, Cover Plate",,,,,QST30,3804938
3093513,,Bushing,,,,,QST30,RL5701-12
3093518,,"Cable, Engine Heater",,,,,QST30,TB5751
3093519,,"Cable, Engine Heater",,,,,QST30,TB5751
3093559,,"Adapter, Spline",,,,,QST30,DP5702-17
3093562,,"Head, Lub Oil Filter",,,,,QST30,QST30-76
3093597,,"Clamp, Tube",,,,,QST30,TP5721
3093598,,"Screw, Banjo Connector",,,,,QST30,FF5080-04
3093615,,"Support, Fuel Pump",,,,,QST30,DP5702-17
3093617,,"Support, Fuel Pump",,,,,QST30,DP5702-17
3093624,,"Clamp, Tube",,,,,QST30,PP42139-01_0603
3093630,,"Tube, Oil Filler",,,,,QST30,OB5044-09
3093632,,"Spacer, Mounting",,,,,QST30,BR5710-03
3093667,,"Harness, Wiring",,,,,QST30,PH5748-01
3093679,,"Plate, Cover",,,,,QST30,OB5044-09
3093683,Топливная трубка,"Tube, Injector Fuel Supply",,2129.4,Cummins,,QST30,PP42139-01_0603
3093684,Топливная трубка,"Tube, Injector Fuel Supply",,2648.1,Cummins,,QST30,PP42139-01_0603
3093685,Топливная трубка,"Tube, Injector Fuel Supply",,2642.64,Cummins,,QST30,PP42139-01_0603
3093686,,"Bracket, Fuel Plumbing",,,,,QST30,PP42139-01_0603
3093687,,"Bracket, Fuel Plumbing",,,,,QST30,PP42139-01_0603
3093692,,"Bracket, Oil Tube",,,,,QST30,OP5133-13
3093694,,"Tube, Lub Oil Suction",,,,,QST30,OP5133-13
3093702,,"Pan, Oil",,,,,QST30,OP5133-13
3093719,,"Plug, Pipe · 1/16 - 27 NPTF",,,,,QST30,BB5702-18
3093723,,"Bearing, Ball",,,,,QST30,WP5701-13
3093724,,"Bearing, Ball",,,,,QST30,WP5701-13
3093725,Water pump seal,"Seal, O Ring",,146.02,Cummins,,QST30,3804938 PU5004-07 RE5701 WP5701-13
3093726,Water pump seal,"Seal, O Ring Screw, Hexagon Head",,390.9,Cummins,,QST30,3804938 WP5701-13
3093727,,"Cap Screw, Hexagon Head · M12 x 1.75 x 165.",,,,,QST30,WP5701-13
3093728,,"Screw, Hexagon Head Cap · M12 x 1.75 x 30.",,,,,QST30,DF5721-02 PP42139-01_0603 PU5004-07 WP5701-13
3093729,,"Damper, Vibration",,,,,QST30,DA5081-03
3093731,,"Dowel, Pin",,,,,QST30,DA5081-03
3093734,,"Screw, Hexagon Head Cap · M06 x 1.00 x 25.",,,,,QST30,PP42139-01_0603
3093736,,"Screw, Hexagon Head Cap · M8 x 1.25 x 12.",,,,,QST30,WI5052-03
309374,,"· Screw w, Hexagon Head H Cap 4 M10 x 1.50 x x 35.",,,,,QST30,TH5008-11 WF5021-09
3093741,,"Screw, Hexagon Head Cap · M10 x 1.50 x 16.",,,,,QST30,BR5710-03 OB5044-09
3093742,,"Screw, Hexag gon Head Cap p · M10 x 1.50 x 20",,,,,QST30,BB5702-01_01011 BB5702-18 BB5729 GG5708-09 OB5044-09 PL5717-04 QST30-100 TP5721 WI5052-03 WO5705
3093743,Bracket connection bolt,"Screw, Hexagon Head Cap · M10 x 1.50 x 25.",,74.53,Cummins,,QST30,BB5702-01_01011 BR5710-03 FF5080-04 OP5133-13 PL5717-04 QST30-100 TH5008-11 TP5721
3093744,,"Screw, Hexagon Head Cap · M10 x 1.50 x 35.",,,,,QST30,QST30-76
3093745,,"Screw, Hexagon Head Cap · M10 x 1.50 x 40.",,,,,QST30,BB5702-04 BR5710-03
3093747,,"Screw, Hexagon Head Cap Screw, Hex Flange Head · M10 x 1.50 x 60.",,,,,QST30,QST30-76 TP5721
3093750,Bracket bolt,"Screw, Hexagon Head Cap · M10 x 1.50 x 90.",,97.34,Cummins,,QST30,QST30-126 WI5052-03
3093751,,"Screw, Hexagon Head Cap · M12 x 1.75 x 20",,,,,QST30,DF5721-02 PP42139-01
3093752,,"Screw, Hexagon Head Cap · M12 x 1.75 x 25.",,,,,QST30,DF5721-02 PP42139-01 QST30-100 TP5721
3093753,,"Screw, Hexagon Head Cap · M12 x 1.75 x 40",,,,,QST30,FA5091-03
3093754,,"Screw, Hexagon Head Cap",,,,,QST30,LA5703
3093755,,"Screw, Hexagon Head Cap",,,,,QST30,QST30-100
3093757,,"Cap Screw, Hexagon Head",,,,,QST30,DF5721-02
3093758,,"Screw, Hexagon Head Cap · M12 x 1.75 x 90.",,,,,QST30,DF5721-02 PU5004-07
309376,,"· Screw w, Hexagon Head H Cap 2 M10 x 1.50 x x 110.",,,,,QST30,TH5008-11
3093761,,"Screw, Hexagon Head Cap",,,,,QST30,FA5091-03
3093763,Charge air cooler long bolt,"Screw, Hexagon Head Cap",,86.7,Cummins,,QST30,PH5750-02 QST30-126 TB5751
3093764,Charge air cooler long bolt,"Screw, Hexagon Head Cap · M10 x 1.50 x 110.",,104.95,Cummins,,QST30,PH5750-02 TH5008-11
3093767,Wiring harness fixing bolt,"Screw, Hexagon Head Cap · M10 x 1.50 x 60.",,223.59,Cummins,,QST30,PH5750-02 TB5751
3093769,,"Screw, Hexagon Head Cap",,,,,QST30,DF5721-02 PU5004-07
309377,,"· Dowe el, Pin 2",,,,,QST30,QST30-121
3093770,,Cap · M12 x 1.75 x 10,,,,,QST30,WP5701-13
3093771,,"Screw, Hexagon Head Cap · M12 x 1.75 x 120.",,,,,QST30,TH5008-11
3093776,,Bu ushing,,,,,QST30,LP5701-02
3093778,,"Washer, Plain",,,,,QST30,DA5081-03 DF5721-02 TH5008-11 WP5701-13
3093784,Направляющий штифт,"Dowel, Pin",,101.06,Cummins,,QST30,BB5702-18 FF5080-04
3093785,Стопор поршневого пальца,"Ring, Retaining",,127.4,Cummins,,QST30,QST30-119
3093787,,"Key, Plain Woodruff",,,,,QST30,PP42139-01
3093799,Exhaust pipe heat shield fixing bolt washer,"Washer, Plain",,63.88,Cummins,,QST30,FF5080-04 OP5133-13 PL5717-04 QST30-100 QST30-126 TB5751
3093801,,"Seal, O Ring",,,,,QST30,3804938 OP5133-13
3093805,,Cap · M10 x 1.50 x 35.,,,,,QST30,PH5750-02 QST30-76
3093808,,"Seal, O Ring",,,,,QST30,3804938 QST30-76
3093809,,"Seal, O Ring",,,,,QST30,3804938 QST30-76
3093811,Seal,"Seal, O Ring",,92.78,Cummins,,QST30,3804938 DF5721-02 QST30-76 WI5052-03
3093813,Seal,"Seal, O Ring",,444.13,Cummins,,QST30,WI5052-03
3093817,O ring,"Seal, O Ring",,156.66,Cummins,,QST30,WI5052-03
3093822,,"Gasket, Oil Pan",,,,,QST30,OP5133-13
3093823,,"Gasket, Oil Pan",,,,,QST30,OP5133-13
3093824,,"Gasket, Oil Pan",,,,,QST30,OP5133-13
3093825,,"Gasket, Oil Pan",,,,,QST30,OP5133-13
3093838,,"Screw, Hexagon Head Cap · M10 x 1.50 x 65.",,,,,QST30,QST30-126 WI5052-03
3093842,,"Screw, Hexagon Head Cap · M18 x 2.50 x 65",,,,,QST30,FH5703-04
3093843,,"Washer, Plain · M18",,,,,QST30,FH5703-04
3093844,,"Washer, Sealing",,,,,QST30,3804938
309386,,"· Plug, , Threaded 3",,,,,QST30,TH5008-11
3093860,,"Housing, Thermostat (tla)",,,,,QST30,TH5008-11
3093862,,"Plug, Threade ed",,,,,QST30,BB5702-18
3093875,,"Dowel, Pin",,,,,QST30,RL5701-12
3093877,,"Plug, Expansion",,,,,QST30,RL5701-12
3093879,,"Washer, Plain",,,,,QST30,DP5702-17 RL5701-12
3093889,,"Screw, Hexagon Head Cap · M10 x 1.50 x 55",,,,,QST30,QST30-126 TB5732
309389,,"· Screw w, Hexagon Head H Cap 7 M10 x 1.50 x x 125.",,,,,QST30,TH5008-11
3093896,Charge air cooler wiring harness long fixing bolt,"Screw, Hexagon Head Cap · M10 x 1.50 x 105.",,129.29,Cummins,,QST30,PH5750-02 QST30-76
3093901,Charge air cooler short fixing bolt,"Screw, Hexagon Head Cap · M10 x 1.50 x 65.",,647.95,Cummins,,QST30,PH5750-02 ST5034-01
3093917,,"Screw, Hexagon Head Cap",,,,,QST30,FW5057-04
3093930,,"Screw, Hex Flange Head Cap · M10 x 1.50 x 16",,,,,QST30,QST30-126 TP5721
3093931,,Cap · M10 x 1.50 x 20,,,,,QST30,QST30-100
3093945,,"Seal, O Ring tb6002gj JV 18-JAN-06 CM850,",,,,,QST30,3804938 TB5732
3093946,,"Nut, Regular Hexagon · M6 x 1.00",,,,,QST30,PP42139-01_0603
3093947,,"Nut, Regular Hexagon",,,,,QST30,QST30-126
3093951,,"Screw, Hexagon Head Cap · M20 x 2.50 x 60",,,,,QST30,RE5701
3093955,,"Washer, Plain · M20",,,,,QST30,RE5701
3093963,,"Seal, O Ring",,,,,QST30,3804938 OB5044-09
3093964,,"Seal, O Ring",,,,,QST30,3804938 OP5133-13
3093965,,"Nut, Tube",,,,,QST30,OP5133-13
3093966,Expansion plug,"Plug, Expansion",,219.02,Cummins,,QST30,OB5044-09
3093967,Front gear housing expansion plug,"Plug, Expansion",,76.05,Cummins,,QST30,GG5708-09 PP42139-01_0603
3093971,"plug, gear room cover","Plug, Threaded",,150.58,Cummins,,QST30,GG5708-09 QST30-76
3093972,,"Screw, Hexagon Head Cap · M12 x 1.75 x 145",,,,,QST30,GG5708-09
3093973,,"Screw, Hex Flange Head Cap",,,,,QST30,TB5751
3093974,,"Screw, Hex Flange Head Cap · M08 x 1.25 x 95.",,,,,QST30,TB5751
3093977,,"Insert, Threaded",,,,,QST30,TB5751
3093982,,"Support, Front Engine Accessories fs6000gn JV 27-APR-03 CM850,",,,,,QST30,FS5033-01
3093983,,"Plate, Cover",,,,,QST30,BB5729
3093984,,"Gasket, Cover Plate",,,,,QST30,BB5729
3094010,,"Washer, Plain",,,,,QST30,DP5702-17
3094011,,"Nut, Regular Hexagon",,,,,QST30,DP5702-17
3094014,O ring,"Seal, O Ring",,146.02,Cummins,,QST30,3804938 DP5702-17
309402,,"· Wa asher, Plain 2 M M10",,,,,QST30,WF5021-09
3094020,,"Screw, Banjo Connector",,,,,QST30,QST30-126
3094024,,"Wash her, Plain",,,,,QST30,BB5702-18 BR5710-03 FF5080-04 PH5748-01 QST30-126 TH5008-11 TP5721 VC5702-02 WO5705
3094025,,"Retainer, Gear",,,,,QST30,PP42139-01_0603
3094027,,"Key, Plain Woodruff",,,,,QST30,BB5702-01
3094028,Cup plug,"Plug, Expansion",,168.83,Cummins,,QST30,BB5702-18
3094029,,"Washer, Plain",,,,,QST30,BB5702-18
3094031,,"Gasket, Cover",,,,,QST30,3804718
3094042,,"Plug, Threaded",,,,,QST30,QST30-76
3094045,,"Seal, O Ring",,,,,QST30,TP5721
3094063,,"Tube e, Water Trans sfer",,,,,QST30,TH5008-11
3094064,,"Plug, Expansion",,,,,QST30,BB5702-18
3094088,,"Pad, Wear",,,,,QST30,QST30-100
3094092,,"Seal, O Ring",,,,,QST30,3804718 QST30-76
3094129,Sealing ring,"Seal, O Ring",,193.17,Cummins,,QST30,QST30-76
3094176,Ring,"Ring, Retaining",,92.78,Cummins,,QST30,FCI310
3094188,,"Screw, Banjo Connector",,,,,QST30,QST30-126
3094191,Патрубок ДВС,"Connection, Water Outlet",,16969.31,,,QST30,TP5721
3094204,,"Cover, Water Transfer Oil",,,,,QST30,WI5052-03
3094212,,"Sleeve, Spline Coupling",,,,,QST30,DP5702-17
309428,,"· Plate e, Cover 1",,,,,QST30,TH5008-11
3094281,,"Gasket, Cover",,,,,QST30,3804718
3094283,,"Bracket, Etr Cnt Module",,,,,QST30,QST30-100
3094288,,Dipstick,,,,,QST30,OP5133-13
3094298,Втулка,Bushing,,1429.61,Cummins,,QST30,DP5702-17
3094301,,"Plate, Thrust Bearing",,,,,QST30,DP5702-17
3094306,,"Plate, Cover",,,,,QST30,GG5708-09
3094323,Charge air cooler cover seal,"Seal, O Ring",,235.76,Cummins,,QST30,3804718
3094339,Уплотнительное кольцо,"Seal, O Ring",,91.22,Cummins,,QST30,GG5708-09
3094340,,"Plug, Threaded",,,,,QST30,QST30-76
3094341,,"Seal, O Ring",,,,,QST30,BB5729 WP5701-13
3094343,,"Nut, Regular Hexagon",,,,,QST30,DP5702-17
3094345,Charge air cooler core seal,"Seal, O Ring",,754.42,Cummins,,QST30,QST30-76
3094362,,"Housing, Gear",,,,,QST30,BB5702-04
3094445,,"Adapter, Plug · 1/8 - 27 NPTF",,,,,QST30,BB5702-01_01011 BB5729
3094450,Water pump drive bushing,Bushing,,1104.25,Cummins,,QST30,DF5721-02
3094454,,"Gear, Accessory Drive",,,,,QST30,DF5721-02
3094456,,"Seal, O Ring",,,,,QST30,3804938
3094467,,"Support, Flywheel Housing",,,,,QST30,RE5701
3094485,Water pump seal,"Seal, O Ring",,194.69,Cummins,,QST30,RE5701 WP5701-13
3094489,,"Plug, Cavity",,,,,QST30,DF5721-02
3094491,,"Cover, Aftercooler",,,,,QST30,TB5751
3094492,,"Manifold, Air Intake",,,,,QST30,TB5751
3094493,,Aftclr Assy(right Bank),,,,,QST30,TB5751
3094494,,Aftclr Assy(left Bank),,,,,QST30,TB5751
3094519,,"Gasket, Water",,,,,QST30,3804718
3094521,,"Screw, Twelve Point Cap · M12 x 1.75 x 80",,,,,QST30,RL5701-12 TB5732
3094522,,"Screw, Twelve Point Cap · M10 x 1.50 x 80",,,,,QST30,RL5701-12
3094523,,"Screw, Twelve Point Cap · M12 x 1.75 x 120",,,,,QST30,RL5701-12
3094524,,"Screw, Twelve Point Cap · M12 x 2.00 x 45",,,,,QST30,TB5732
3094525,,"Screw, Twelve Point Cap · M10 x 1.50 x 85.",,,,,QST30,RL5701-12
3094526,,"Screw, Twelve Point Cap · M10 x 1.50 x 20",,,,,QST30,BB5702-18
3094527,,"Pulley, Crankshaft",,,,,QST30,DA5081-03
3094530,,"Screw, Hex Flange Head Cap",,,,,QST30,FH5033-04
3094531,Уплотнительное кольцо,"Seal, O Ring",,308.29,Cummins,,QST30,3804938 TP5721 WP5701-13
3094533,,"Screw, Hexagon Head Cap · M12 x 1.75 x 110",,,,,QST30,PP42139-01_0603
3094539,O ring,"Seal, O Ring null JV 09-JAN-14 ARRANGEMENT,TURBOCHARGER Turbocharger arrangement...(More)",,159.71,Cummins,,QST30,3804938 TB5064 WP5701-13
3094540,Уплотнительное кольцо,"Seal, O Ring",,325.21,Cummins,,QST30,3804938 TP5721 WP5701-13
3094567,,"Screw, Twelve Point Cap · M20 x 2.50 x 60",,,,,QST30,RE5701
3094668,,"Support, Fuel Pump",,,,,QST30,DP5702-17
3094669,,"Support, Fuel Pump",,,,,QST30,DP5702-17
3094716,"Bearing, camshaft",Bushing,,2847.31,Cummins,,QST30,BB5702-18
3094718,,"Support, Fan",,,,,QST30,FA5091-03
3094723,,"Pulley, Accessory Drive",,,,,QST30,PU5004-07
3094735,Упорный подшипник,"Bearing, Thrust",,3907.53,Cummins,,QST30,DP5702-17 PP42139-01_0603
3094739,,"Plate, Cover",,,,,QST30,DF5721-02
3094788,,"Shaft, Idler",,,,,QST30,BB5702-04
3094793,,"Connection, Oil Transfer Screw, Hex Flange Head",,,,,QST30,QST30-76
3094807,,"Connection, Adapter A",,,,,QST30,BB5702-18
3094813,,"Cap Screw, Hex Flange Head",,,,,QST30,PP42139-01_0603 QST30-76
3094814,,"Cap Screw, Hex Flange Head",,,,,QST30,QST30-76
3094815,,Cap,,,,,QST30,QST30-76
3094816,,"Ring, Retaining",,,,,QST30,DP5702-17
3094818,O ring,"Seal, O Ring",,247.92,Cummins,,QST30,BB5703-03 VC5702-02
3094824,,"Brace, Tube",,,,,QST30,FF5080-04 TP5721
3094826,,"Support, Fuel Pump",,,,,QST30,DP5702-17
3094827,,"Support, Fuel Pump",,,,,QST30,DP5702-17
3094829,,"Brace, Tube",,,,,QST30,QST30-100
3094836,Sealing ring,"Washer, Sealing",,135.37,Cummins,,QST30,QST30-76
3094840,,"Cover, Rocker Lever",,,,,QST30,VC5702-02
3094842,,"Nut, Hexagon Slotted",,,,,QST30,DP5702-17
3094867,,"Valve, Oil Drain",,,,,QST30,RD5001
3094897,,"Cover, Water Pump",,,,,QST30,WP5701-13
3094911,,"Bracket, Filter",,,,,QST30,QST30-76
3094924,Front gear cover expansion plug,"Plug, Expansion",,124.72,Cummins,,QST30,GG5708-09
3094937,,"Nut, Regular Hexagon",,,,,QST30,FF5080-04 OP5133-13 PL5717-04 QST30-126 TP5721
3099190,,"Seal, Oil",,,,,QST30,3804718
310030,,"· Re esistor, Corros sion 2 B Buy from Cum mins Filtration n",,,,,QST30,WF5021-09
3100308,Фильтр антифриза,WATER FILTER,水滤器,133.17,Фильтр,WF2075,TR100A,110-0030
3100531,,"Union, Male",,,,,QST30,FF5080-04
3171715,,"Screw, Hex Flange Head Cap",,,,,QST30,FA5091-03
317545,,"Pin n, Roll Se eal, O Ring · He ead, Water Filt ter Assy 1",,,,,QST30,WF5021-09
3175768,,"Ad dapter, Filter Head H",,,,,QST30,WF5021-09
3176459,BELT - FAN,FAN BELT,风扇皮带,8317.3,Cummins,,QST30/TR100A,110-0030 FA5091-03
3176672,,"Spacer, Fan Pilot",,,,,QST30,FA5091-03
3177041,,"He ead, Corrosion n Resistor",,,,,QST30,WF5021-09
3177129,Thrust washer,"Bearing, Thrust",,653.91,Cummins,,QST30,FA5091-03
3178566,,"Pulley, Fan",,,,,QST30,FA5091-03
3201209,,Decal,,,,,QST30,DA5081-03
3201585,"SEAL,ORING","Seal, O Ring g",,82.22,Cummins,,QST30,QST30-76
3201739,,"Shaft, Barring",,,,,QST30,CB5003
3201740,,"Drive, Engine Barring S Key, Plain Wooldruff",,,,,QST30,CB5003
3202117,Прокладка,"Gasket, Connection",,83.72,Cummins,,QST30,TP5721
326.47,,"(12.85"") Starter Loc: deg, deg, deg Starter Spacer Capability: N Wet/Dry: Dry Material: Cast Iron Loading Capability: Mtg Description: Pad M20 x (8/side) Attachment Loc: Angle Transmission Mtg Holes Type: M12 x Automatic Transmission Hole: Speed Sensor Hole Size: M20 Rear PTO: Speed Sensor Hole Loc: deg (X2) From Vertical C/L Used With Industrial Applications This housing does have the machining required for mounting the position sensor adapter required by",,,,,QST30,FH5033-04
3279244,,"Screw, Hex Flange Head Cap · M12 x 1.75 x 16",,,,,QST30,TP5721
3284084,,"Head, Fuel Filter",,,,,QST30,FS5033-01
3284085,,"Insert, Filter Head",,,,,QST30,BB5702-04
3328571,,"Elbow, Male Union",,,,,QST30,PL5717-04
3328572,,"Seal, O Ring",,,,,QST30,PL5717-04
3330202,,"Seal, O Ring",,,,,QST30,3804938
3331838,Штуцер,"Union, Male",,614.6,Cummins,,QST30,TP5721
3331873,,"Union, Male",,,,,QST30,TP5721
3331924,Прокладка,"Gasket, Turbocharger",,1125.14,Cummins,,QST30,TB5732
3332136,,"Union, Male",,,,,QST30,TP5721
3332137,,"Union, Male",,,,,QST30,WP5701-13
3335076,,"Washer, Bevel Screw, Hex Flange Head · M10",,,,,QST30,QST30-76
3336566,,"Nut, Lock",,,,,QST30,PL5717-04
34-40,,"IS NOT SHOWN ,THE NUMBER ARE MOUNTED IN THE RIGHT TUBOCHARGER TO THE FLUE BOX,SERIAL NUMBER ARE MOUNTED ON THE LEFT TUBOCHARGER TO THE FLUE BOX,NUMBER ARE MOUNTED IN THE FLUE EXHAUST PIPE BOX TO THE PLATFORM.",,,,,TR100A,270-0020
3400698,GENERATOR,ALTERNATOR,发电机,24503.73,Cummins,,TR100A,110-0030
3402156,,"Guide, Spring",,,,,QST30,FA5091-03
3402157,,"Retainer, Control Rod",,,,,QST30,FA5091-03
3408438,,"Seal, O Ring",,,,,QST30,TH5008-11
3408560,"SENSOR,PRESSURE","Sensor, Pressure · Oil.",,6763.68,Cummins,,QST30,PH5748-01 QST30-100
3408561,,"Sensor, Pressure",,,,,QST30,3804938 QST30-100
3417474,Oil pan bolt,"Screw, Captive Washer Cap",,86.7,Cummins,,QST30,OP5133-13
3600861,,Clip,,,,,QST30,3804938 QST30-126
3606645,,"Elbow, Male Union",,,,,QST30,PL5717-04
3609867,,Dataplate,,,,,QST30,QST30-100
3609872,,"Retainer, Wire Tie Clamp",,,,,QST30,QST30-100
3627679,,"Spacer, Bearing",,,,,QST30,FA5091-03
3627695,"SEAL,ORING","Seal, O Ring",,76.98,Cummins,,QST30,TP5721
3628104,,"Screw, Hexagon Head Cap",,,,,QST30,FA5091-03
3638161,,"Accessories, Elc Set",,,,,QST30,PL5717-04
3639540,,"Bracket, Pump",,,,,QST30,QST30-126
3639541,,"Bracket, Pump Screw, Hex Flange Head",,,,,QST30,QST30-126
3643003,,"Harness, Wiring",,,,,QST30,PL5717-04
3648162,,"Seal, Dust rh6000gb JV 23-JAN-06",,,,,QST30,VC5702-02
3658780,Реле топливного насоса,Relay,,2005.71,Cummins,,QST30,3804938
3678605,Пробка,"Plug, Threaded",,232.99,Cummins,,QST30,BB5702-18 OP5133-13
3678606,"SEAL,ORING","Seal, O Ring · M27 x 2.00",,52.92,Cummins,,QST30,3804718 BB5702-18 OP5133-13
3678611,Пробка с уплотнением,"Plug, Threaded",,215.5,Cummins,,QST30,BB5702-18 OP5133-13
3678786,"SEAL,ORING","Seal, O Ring",,42.02,Cummins,,QST30,TP5721 WP5701-13
3678791,,"Plug, Threaded",,,,,QST30,WP5701-13
3678838,,"Plug, Threaded",,,,,QST30,OP5133-13
3678845,,"Plug, Threaded",,,,,QST30,OP5133-13
3678846,"SEAL,ORING","Seal, O Ring",,142.83,Cummins,,QST30,3804718 OP5133-13
3678873,Пробка резбовая,"Plug, Threaded",,432.8,Cummins,,QST30,WP5701-13
3678912,"SEAL,ORING","Seal, O Ring · M14",,108.61,Cummins,,QST30,3804718 BB5702-18 LA5703 PL5717-04 QST30-76 WP5701-13
367892,,"Seal, O Ring M14 Plug, Threaded M14 x x x · Plug, , Threaded 1 M14 x 1.50 x x 16",,,,,QST30,TH5008-11
3678921,,"Plug, Threaded · M14 x 1.50 x 16",,,,,QST30,BB5702-18 LA5703 OP5133-13 PL5717-04 QST30-76 WP5701-13
3678922,,"Plug, Threaded · M14 x 1.50 x 16",,,,,QST30,BB5702-18 PH5760 PL5717-04 QST30-76 WP5701-13
3678923,Plug,"Plug, Threaded Service As · M10 x 1.00 x 13.5",,156.66,Cummins,,QST30,BB5702-18 DF5721-02 DP5702-17 PP5715-05 PU5004-07 QST30-76 TB5751 VC5702-02
3678924,,"Plug, Threaded",,,,,QST30,BB5702-18 DF5721-02 DP5702-17 PU5004-07 QST30-76 TB5751 VC5702-02
3678925,Уплотнительное кольцо,"Seal, O Ring · M10",,153.83,Cummins,,QST30,3804718 BB5702-18 DF5721-02 DP5702-17 PU5004-07 QST30-76 TB5751 VC5702-02
3679139,"SEAL,ORING","Seal, O Ring",,55.59,Cummins,,QST30,3804718 TP5721
3800312,,"Kit, Water Pump Repair · Major",,,,,QST30,RE5701
3800322,,"Kit, Water Pump NX",,,,,QST30,WP5701-13
3800363,PISTON,"Kit, Engine Piston",,16616.16,Cummins,,QST30,QST30-119
3800863,,"Block, Cylinder",,,,,QST30,BB5702-18
3804708,Комплект порншевых колец,"Set, Piston Ring",,3605.42,Cummins,,QST30,QST30-119
3804712,,"Kit, Cylinder Liner",,,,,QST30,BB5702-01_01011 NN5705
3804713,CRANKSHAFT BEARING,"Set, Main Bearing",,41680.8,Cummins,,QST30,BB5702-01
3804716,,"Kit, Wp Repair · Minor",,,,,QST30,RE5701 WP5701-13
3821847,,"Screw, Captive Washer Cap · M10 X 1.50 X 60.",,,,,QST30,QST30-126
382682,,· De ecal 2,,,,,QST30,WF5021-09
38883,,"· Inh hibitor, Corros sion 3 B Buy from Cum mins Filtration n",,,,,QST30,WF5021-09
3896083,,"Screw, Hexagon Head Cap",,,,,QST30,BR5710-03 FA5091-03
3896408,,"Screw, Hex Flange Head Cap",,,,,QST30,QST30-126
3900225,,"Screw, Hexagon Head Cap · M8 X 1.25 X 16.",,,,,QST30,PU5004-07
3900257,,"Dowel, Pin fh6000gf JV 15-JAN-00",,,,,QST30,FH5033-04
3900625,,"Screw, Hex Flange Head Cap · M6 x 1.00 x 10",,,,,QST30,GG5708-09
3900626,,"Screw, Hex Flange Head Cap · M6 x 1.00 x 12",,,,,QST30,GG5708-09
3900631,,Cap · M8 x 1.25 x 25,,,,,QST30,QST30-100
3902114,,"Cap Screw, Hex Flange Head · M8 x 1.25 x 30",,,,,QST30,QST30-126
3903990,,Cap Gear cg6000gb JV 29-JUL-13 · M10 x 1.50 x 20,,,,,QST30,PP42139-01
3904222,,"Screw, Hexagon Head Cap · M8 X 1.25 X 45.",,,,,QST30,QST30-126
3906391,,"Screw, Socket Head Cap Screw, Hex Flange Head · M6 X 1.00 X 16.",,,,,QST30,QST30-100
3909025,Valve cover bolt,"Screw, Hex Flange Head Cap · M8 x 1.25 x 55",,56.28,Cummins,,QST30,VC5702-02
3913994,,"Seal, O Ring S Washer, Lock in.",,,,,QST30,3804718 CB5003
3916284,,"Seal, O Ring",,,,,QST30,FF5080-04
3918188,,"Washer, Sealing",,,,,QST30,3804718
391819,,"· Wash her, Sealing 3",,,,,QST30,TH5008-11
3918190,"Seal, gear room cover","Washer, Sealing",,98.87,Cummins,,QST30,3804938 GG5708-09 QST30-76
3918192,"Gasket, seal","Washer, Seal ling · M14",,127.76,Cummins,,QST30,3804938 BB5702-18
3922794,"SEAL,ORING","Seal, O Ring",,37.74,Cummins,,QST30,TP5721 WP5701-13
3925344,,"Screw, Hex Flange Head Cap · M10 x 1.50 x 30",,,,,QST30,FF5080-04 QST30-126 QST30-76
3925402,Filter base connection bolt,Cap · M8 x 1.25 x 50,,76.05,Cummins,,QST30,QST30-76
3941718,,"Screw, Socket Head Cap",,,,,QST30,PH5760
3963988,Шайба,"Washer, Sealing · M14",,49.07,Cummins,,QST30,QST30-126
3968475,,Cap,,,,,QST30,QST30-100
3RD/4TH,,,,,,,TR100A,120-0310
4007287,,"Harness, Wiring",,,,,QST30,PL5717-04
4010476,Топливный фильтр,"Filter, Fuel · Purchase from Fleetguard.",,487.89,Cummins,,QST30,BB5702-04
4010519,"SEAL,ORING","Seal, O Ring",,58.37,Cummins,,QST30,3804938 QST30-100
4025280,Форсунка,"RX Seal, O Ring Seal, Injector",,17735.98,,,QST30,FP50039-04
4025280.,,"Seal, O Ring Seal, O Ring Washer, Injector Clamping Clamp, Injector Tube, Injector Fuel Supply Screw, Hexagon Head Cap M10 x x Clamp, Injector Nut, Regular Hexagon fp6001gk JV 27-JUL-12",,,,,QST30,FP50039-04
4057590,,"Tag, Instruction Plumbing bb6000gh JV 01-DEC-99 CM850, For V30 Industrial Engines. S E Draincock · 1",,,,,QST30,BB5703-03
4067798,,"Tube, Oil Gauge op6000gz JV 19-MAR-12",,,,,QST30,OP5133-13
4067802,Топливная трубка,"Tube, Injector Fuel Supply",,2854.08,Cummins,,QST30,PP42139-01_0603
4067806,Screw,"Screw, Crosshead Adjusting · M10 x 1.25 x 30",,254.01,Cummins,,QST30,RL5701-12
4067809,,"Screw, Rkr Lever Adjusting · M10 x 1.25 x 37",,,,,QST30,RL5701-12
4067813,,"Union, Male",,,,,QST30,QST30-126
4067814,,"Union, Male",,,,,QST30,QST30-126
4067829,,"Body, Water Pump",,,,,QST30,WP5701-13
4067844,,"Head, Fuel Pump",,,,,QST30,FF5080-04
4067896,,"Tube, Fuel Drain",,,,,QST30,QST30-126
4067901,,"Block, Cylinder",,,,,QST30,BB5702-18
4067902,,"Isolator, Vibration",,,,,QST30,FF5080-04
4067903,,"Isolator, Vibration",,,,,QST30,FF5080-04
4067915,,"Cable, Battery",,,,,QST30,PL5717-04
4067917,,"Cable, Battery",,,,,QST30,PL5717-04
4067974,,"Spacer, Mounting",,,,,QST30,QST30-100
4068034,"Cup, plug","Plug, Expansion",,156.66,Cummins,,QST30,BB5702-18
4068037,,"Filter, Fuel",,,,,QST30,FS5033-01
4068104,,"Adapter, Filt ter Head",,,,,QST30,QST30-76
4068105,,"Adapter, Filter Head",,,,,QST30,FF5080-04
4068146,,"Bracket, Idler Pulley",,,,,QST30,FA5091-03
4068147,,"Union, Male bb6000gp JV 05-MAR-05 CM850,",,,,,QST30,BB5702-04
4068148,,"Union, Male",,,,,QST30,BB5702-04
4068306,,"Cooler, Lub Oil (tla)",,,,,QST30,WI5052-03
4068307,,"Cover, Lub Oil Cooler",,,,,QST30,WF5021-09
4068308,Радиатор маслоохладителя,"Core, Cooler",,28903.42,Cummins,,QST30,WF5021-09
4068309,Sealing ring,"Seal, O Ring",,961.27,Cummins,,QST30,WF5021-09
4068310,,"Nut, Hexagon Flange wf6000gd JV 11-APR-05",,,,,QST30,WF5021-09
4068311,,"Brace, Hose",,,,,QST30,QST30-126
4068466,,"Screw, Hexagon Head Cap",,,,,QST30,FA5091-03
4068469,,"Bracket, Filter",,,,,QST30,QST30-126
4068492,,"Support, Accessory Drive",,,,,QST30,DF5721-02
4068493,Gasket,"Gasket, Cover Plate",,587.11,Cummins,,QST30,DF5721-02
4068548,,"Ro oller, Cam Foll lower",,,,,QST30,FCI310
4068549,,"Plate, Cover",,,,,QST30,DF5721-02
4068558,,"Bracket, Etr Cnt Module",,,,,QST30,QST30-100
4068572,,"Block, Cylinder",,,,,QST30,BB5702-18
4068581,Сливной трубопровод,"Tube, Fuel Drain",,3925.74,Cummins,,QST30,QST30-126
4068588,,"Tube, Breather",,,,,QST30,BR5710-03
4068591,,"Gear, Fuel Pump",,,,,QST30,DP5702-17
4068608,,"Support, Pivot Shaft",,,,,QST30,FA5091-03
4068611,,"Lever, Cam Follower",,,,,QST30,FCI310
4068612,Толкатель клапана,"Lever, Cam Follower",,11759.02,Cummins,,QST30,FCI310
4068655,,"Bracket, Wiring Retainer",,,,,QST30,PH5750-02
4068681,,"Brace, Hose",,,,,QST30,RL5701-12
4068688,,"Cover, Gear",,,,,QST30,GG5708-09
4068690,,"Shaft, Accessory Drive",,,,,QST30,DF5721-02
4068691,,"Shaft, Accessory Drive",,,,,QST30,DF5721-02
4068692,,"Bracket, Switch",,,,,QST30,EE5068
4068693,,"Bracket, Switch",,,,,QST30,EE5068
4068705,,"Connection, Oil Transfer",,,,,QST30,QST30-76
4068730,"O ring, breather","Seal, O Ring",,243.36,Cummins,,QST30,BR5710-03
4068731,Прокладка патрубка,"Gasket, Wtr Trf Connection BLOCK bb6000gu JV 22-OCT-12",,153.94,Cummins,,QST30,BB5729
4068732,Прокладка крышки вод. коллектора,"Gasket, Water Header Cover",,989.67,Cummins,,QST30,TP5721
4068741,,"Tube, Breather",,,,,QST30,BR5710-03
4088274,,"Disc, Actuator",,,,,QST30,WH5706-01
4088832,"SENSOR,TEMPERATURE","Sensor, Temperature · Coolant or Intake Manifold",,777.77,Cummins,,QST30,QST30-100
4088833,,"Sensor, Temperature · Coolant or Intake Manifold",,,,,QST30,QST30-100
4088863,,"Housing, Actuator",,,,,QST30,WH5706-01
4095189,·FUEL FILTER,FUEL FILTER,燃油滤清器,240.01,Фильтр,FS1006,QST30/TR100A,110-0030 FF5080-04
4096427,Водяной насос QST30,"Pump, Water",,40040.0,Cummins,,QST30,WP5701-13
42337,,"Spacer, Fan",,,,,QST30,SP5006
4295331,,"Spacer, Mounting",,,,,QST30,FA5091-03
4295332,,"Spacer, Mounting",,,,,QST30,BR5710-03 FA5091-03
4295333,,"Spacer, Mounting PUMP",,,,,QST30,BR5710-03
4295357,,"Connection, Oil Transfer",,,,,QST30,QST30-76
4295431,,"Tube, Tur Oil Drain",,,,,QST30,WP5701-13
4295437,,"Tube, Tur Oil Drain",,,,,QST30,WP5701-13
4295451,,"Bracket, Filter",,,,,QST30,FF5080-04
4295497,,"Harness, Wiring",,,,,QST30,3804938
4295505,Маслоподкачивающий насос,"Primer, Engine Lubricating",,92496.04,Cummins,,QST30,QST30-126
4295506,,"Bracket, Pump",,,,,QST30,QST30-126
4295514,,"Manifold, Water",,,,,QST30,WP5701-13
4295515,,"Cover, Water Header",,,,,QST30,TP5721
4295517,,"Union, Male",,,,,QST30,TP5721
4295539,,"Harness, Wiring",,,,,QST30,3804938
4295551,,"Bracket, Wiring Retainer",,,,,QST30,QST30-100
4295554,,"Gasket, Connection",,,,,QST30,WI5052-03
4295562,,"Clamp, Tube",,,,,QST30,PP42139
4295563,,"Clamp, Tube Outlet",,,,,QST30,PP42139
429557,,"· Gask ket, Cover Pla te 3",,,,,QST30,TH5008-11
4295575,Прокладка крышки толкателей,"Gasket, Camshaft Cover",,261.65,Cummins,,QST30,PP42139-01
4295577,,Flywheel,,,,,QST30,FH5033-04
4295578,,Flywheel,,,,,QST30,FH5033-04
4295581,,"Union, Male",,,,,QST30,QST30-126
4295583,,"Hose, Flexible",,,,,QST30,QST30-126
4295589,,"Elbow, Male Union",,,,,QST30,QST30-126
4295598,,"Tube, Fuel Drain",,,,,QST30,QST30-126
4295606,Шланг,"Hose, Flexible",,3166.8,Cummins,,QST30,WP5701-13
4295609,,"Hose, Flexible",,,,,QST30,WP5701-13
4295610,,"Hose, Flexible",,,,,QST30,WP5701-13
4295611,Шланг,"Hose, Flexible",,4315.22,Cummins,,QST30,WP5701-13
4295617,Wiring harness small clip,"Bracket, Wiring Retainer",,184.04,Cummins,,QST30,PH5750-02 ST5034-01
4295618,Wiring harness large clip,"Bracket, Wiring Retainer",,191.65,Cummins,,QST30,QST30-100
4295620,,"Clamp, Wire Tie",,,,,QST30,PH5750-02 QST30-100 ST5034-01
4295625,,"Coupling, Plain Hose wp6000gg JV 21-MAY-12",,,,,QST30,WP5701-13
4310910,,"Cover, Water Transfer tp6000gw JV 10-OCT-08",,,,,QST30,TP5721
4331005,,"Filter, Lubricating Oil",,,,,QST30,QST30-76
4331006,,"Decal, Information",,,,,QST30,QST30-76
4367100,Фильтр маслянный,OIL FILTER,机油滤清器,404.59,Фильтр,LF14000NN,TR100A,110-0030
43696,,"A Seal, O Ring",,,,,QST30,3804938
45675689,,,,,,,TR100A,230-0130
4902720,,"Sensor, Pressure · Ambient air.",,,,,QST30,QST30-100
4921597,,"Sensor, Position · Cam *.",,,,,QST30,PH5760
4921598,,"Sensor, Position HOUSING th6001gi JV 16-AUG-10",,,,,QST30,TH5008-11
4924925,"SWITCH,PRESSURE","Switch, Pressure",,8435.52,Cummins,,QST30,QST30-126
4951860,Реле маслозакачки,"Switch, Relay",,1834.56,Cummins,,QST30,PL5717-04
4951861,,"Bracket, Relay",,,,,QST30,PL5717-04
4951862,,"Harness, Wiring",,,,,QST30,QST30-126
4951863,,"Cable, Battery",,,,,QST30,QST30-126
4951864,"SWITCH,MAGNETIC","Switch, Magnetic",,22554.98,Cummins,,QST30,QST30-126
4954430,Блок управления ECM ДВС QST30,"Module, Electronic Control",,95306.12,Cummins,,QST30,QST30-100
4954442,,"Seal, O Ring g",,,,,QST30,QST30-76
4954905,"SENSOR,TEMPERATURE","Sensor, Temperature · Coolant or Oil or Fuel",,161.36,Cummins,,QST30,3804938 QST30-100
4955329,,"NX Turbocharger Seal, Rectangular Ring Washer, Plain Holset Sold Only In Kits Screw, Drive",,,,,QST30,PP5766-01
4975395,,"Seal, O Ring",,,,,QST30,SP5006
4975397,,"Dowel, Pin",,,,,QST30,BB5702-18 GG5708-09
4975410,,"Head, Fuel Filter (tla)",,,,,QST30,FF5080-04
4975411,,"Seal, Rectangular Ring",,,,,QST30,WH5706-01
4975421,Натяжитель ремня QST30,"Pulley, Idler",,64272.0,Cummins,,QST30,FA5091-03
4975440,,"Bracket, Lifting SPE SEN ph6003gs JV 13-SEP-10 CM850, ARRANGEMENT,POS SPE Pos spe sen SEN arrangement...(More)",,,,,QST30,PH5760
4975479,,"Tube, Filter",,,,,QST30,QST30-76
4975480,,"Tube, Filter",,,,,QST30,QST30-76
497549,,"· Hous sing, Thermos stat 1",,,,,QST30,TH5008-11
4975513,,"Bracket, Retaining Brace",,,,,QST30,QST30-126
497552,,"· Wash her, Sealing 3",,,,,QST30,TH5008-11
4975524,,"Head, Lub Oil Filter",,,,,QST30,QST30-76
4975525,,"Adapter, Filter Head",,,,,QST30,FW5057-04 QST30-76
4975527,,"Washer, Sealing",,,,,QST30,QST30-126
4975528,,"Washer, Sealing Screw, Hex Flange Head",,,,,QST30,PP42139-01 QST30-76
4975530,"Gasket, seal","Washer, Sealing",,255.53,Cummins,,QST30,QST30-126
4975537,,"Bracket, Retaining Brace",,,,,QST30,QST30-126
4975538,,"Manifold, Fuel",,,,,QST30,WH5706-01
4975539,,"Manifold, Fuel (tla)",,,,,QST30,QST30-126
4975541,,"Brackets, Aftclr (right)",,,,,QST30,PH5750-02
4975542,,"Brackets, Afclr (left)",,,,,QST30,PH5750-02
4975611,,"Lever, Idler S Fitting, Grease",,,,,QST30,FA5091-03
4975612,,"Bracket, Belt Tensioner",,,,,QST30,DF5721-02
4975617,Насос топливоподкачивающий QST30,"Pump, Fuel Transfer",,48299.55,Cummins,,QST30,QST30-76
4975632,Теплообменник охладителя наддувочного воздуха,"Core, Aftercooler",,50839.88,Cummins,,QST30,TB5751
4975637,Прокладка,"Gasket, Intake Manifold ee6000gc JV 17-NOV-98 CM850, Alternator Manufacturer/Model: Delco Remy SI Voltage: 24V",,620.42,,,QST30,EE5068
4975638,Прокладка,"Gasket, Rkr Lever Housing",,461.4,,,QST30,RL5701-12
4975677,,"Brace, Idler Pulley",,,,,QST30,DF5721-02
4975691,Fuel outlet pipe,"Tube, Fuel Drain",,3256.46,Cummins,,QST30,WH5706-01
4975692,Fuel inlet pipe,"Tube, Fuel Supply",,3365.97,Cummins,,QST30,WH5706-01
4975693,Fuel outlet pipe,"Tube, Fuel Drain",,3691.47,Cummins,,QST30,WH5706-01
4975694,,"Tube, Fuel Supply",,,,,QST30,WH5706-01
4975725,Fuel return pipe,"Tube, Fuel Drain COOLER WATER wh6000gu JV 23-APR-12",,3749.27,Cummins,,QST30,WH5706-01
4975730,,"Hose, Flexible",,,,,QST30,QST30-126
4975735,Сальник,"Seal, Oil",,4032.79,,,QST30,PU5004-07
4975738,,"Drive, Accessory",,,,,QST30,PU5004-07
4975739,,"Support, Accessory Drive",,,,,QST30,PU5004-07
4975745,,"Adapter, Position Sensor Screw, Hex Flange Head",,,,,QST30,QST30-100
4975748,,"Bracket, Lifting TRA ACC df6000gp JV 09-MAY-13",,,,,QST30,DF5721-02
4975753,,Cap,,,,,QST30,QST30-100
4975755,Жгут проводов,"Harness, Etr Cnt Mdl Wrg",,81545.1,Cummins,,QST30,QST30-100
4975758,,"Shaft, Fuel Pump Drive",,,,,QST30,DP5702-17
4975763,,"Support, Pivot Shaft",,,,,QST30,DF5721-02
4975764,,"Lever, Idler",,,,,QST30,DF5721-02
4975765,,"Lever, Idler",,,,,QST30,FA5091-03
4975766,,"Head, Fuel Filter F Washer, Sea aling Tube, Fuel Supply S Decal ICATIN NG OIL L",,,,,QST30,QST30-76
4975798,,"Screw, Hexagon Head Cap sp6000gd JV 16-OCT-96 CM850,",,,,,QST30,SP5006
4975826,,"Pan, Oil",,,,,QST30,OP5133-13
4975846,,"Seal, O Ring fw6000gi JV 30-AUG-06",,,,,QST30,FW5057-04
4998234,,Wire Tie Doi To Engine,,,,,QST30,CB5003
5344052,,PLATE,压板,,,,TR100A,250-0020
678912,,"S Seal, O Ring · M14",,,,,QST30,QST30-119
678922,,"P Plug, Threaded d rmance e · M14 x 1.50 x 16",,,,,QST30,QST30-119
678923,,"Seal, O Ring M10",,,,,QST30,TH5008-11
68152,Хомут,Clip · #4,,100.49,Cummins,,QST30,QST30-126 TP5721
68368,,"B Spacer, Mounting",,,,,QST30,PL5717-04
69771,,"Screw, Socket Head Cap · 1/4 - 20 x 5/8 in.",,,,,QST30,FA5091-03
70415,"SEAL,ORING","Seal, O Ring",,21.92,Cummins,,QST30,3804938
75453,,"He ead, Corrosion n Resistor",,,,,QST30,WF5021-09
77040,,"Sh haft, Shutoff Va alve",,,,,QST30,WF5021-09
92001,,Sh him,,,,,QST30,LP5701-02
9202069,,GASKET,,,,,TR100A,230-0040
92487,,"Dowel, Pin",,,,,QST30,BB5702-18
92609,,"Ge ear, Lube Oil Pumping P",,,,,QST30,LP5701-02
92842,,Bushing,,,,,QST30,BB5702-18
92887,,"Plug, Expans ion",,,,,QST30,BB5702-18
92985,,"Bo ody, Lube Oil Pump",,,,,QST30,LP5701-02
92987,,Ge ear And Shaft t,,,,,QST30,LP5701-02
92991,,"Co over, Lube Oil Pump",,,,,QST30,LP5701-02
93155,,"Seal, O Ring",,,,,QST30,BB5702-18
93742,,"Screw, Hexag gon Head Cap p · M10 x 1.50 x 20",,,,,QST30,BB5702-18
93775,,"Sc crew, Hex Flange F Head M8 x x Ca ap",,,,,QST30,LP5701-02
93966,,"Plug, Expans ion",,,,,QST30,BB5702-18
94064,,"Plug, Expans ion",,,,,QST30,BB5702-18
94445,,"Adapter, Plug g",,,,,QST30,BB5702-18
94807,,"Connection, Adapter A",,,,,QST30,BB5702-18
AMP/12,,"V Per Element of Elements: Controller Supplied: Installation Details: Relay switches are located on the left bank rear and the right bank rear. Clip Switch, Relay Cover, Switch Bracket, Switch Screw, Hex Flange Head Cap M10 x x Screw, Hex Flange Head Cap M8 x x Screw, Hex Flange Head Cap M10 x x Mounting sm6000gb JV 15-JAN-96",,,,,QST30,SM5704
AP5022-01,,Agency Approval Agency approval...(More),,,,,QST30,LA5703
ASSY-2ND,,,,,,,TR100A,120-0310
BB5702-04,,Cam Follower,,,,,QST30,FCI310
BB5729,,"PLUMBING,CYLINDER BLOCK Cylinder block plumbing...(More)",,,,,QST30,PL5717-04
CM850,,", CM5 Numb ber D Re equired Rem marks",,,,,QST30,QST30-119
EH5710,,Alternator Drive Alternator Pulley Belt Installed On The Engine On the engine. Drive Ratio: To Be Used With AMP Alternator,,,,,QST30,AP5022-01
EM5075,,"Front Engine Support Mounting Location: Front Type: Trunnion Hydraulic Pump Compatible: Y Degree of Engine Tilt: Gear Cover Material: Cast Iron Support Material: Ductile Iron Loading Capability: G Compatible Isolators: N/A Unique Characteristics: With Grease Fitting S Fitting, Grease",,,,,QST30,QST30-85
FH5703-04,,Flywheel Housing Plumbing Provision for customer supplied speed sensor.,,,,,QST30,QST30-85
FT5720-05,,"PLUMBING,FUEL Fuel plumbing...(More)",,,,,QST30,QST30-126
HOUSING-1ST/2ND,,,,,,,TR100A,120-0320
JUN-13,,CM5,,,,,QST30,QST30-100
LC5705,,"Cooler,Engine Oil Engine oil cooler...(More)",,,,,QST30,WI5052-03
LF5071-10,,"FILTER,LUBRICATING OIL filter...(More)",,,,,QST30,QST30-76
NOBC45PQRSTU,,,,,,,TR100A,160-0020
OB5713-02,,Oil Filler Tube Mounting Use when no hydraulic drive called for,,,,,QST30,WO5705
PH5745,,5-04 CO NTROL m module...(Mor e),,,,,QST30,QST30-100
PP42139,,"Parts, ,Performance Per rformance par rts...(More)",,,,,QST30,QST30-119
RING-5TH,,6TH GEAR,,,,,TR100A,120-0300
WA5720-01,,"· PLUMBIN NG,AFT WAT ER Afterco ooler water plu umbing...(More e)",,,,,QST30,QST30-121
